id,num_items,capacidad,num_variables_qubo,optimo,valor_total,peso,factible,coincide,ratio_optimo,brecha_optimo,exceso_peso,prob_optimo,ratio_optimo_medio,tiempo_total,t_solver,t_cuantico,t_clasico,pct_tiempo_solver_sobre_total,pct_tiempo_cuantico_sobre_solver,pct_tiempo_clasico_sobre_solver,tiempo_medio_iter,tiempo_por_eval,total_evals,num_factibles_qaoa,prob_optimo_muestras,prob_optimo_starts,tasa_factibilidad,ratio_medio_factibles,valor_medio_start,std_valor_start,tiempo_medio_start,total_muestras,starts,reads_por_start,muestras_esperadas,metodo,warmstart,epsilon_warmstart
1,2,3,4,5,5,3,True,True,1.0,0,0,N/A,N/A,0.015557699982309714,N/A,N/A,N/A,N/A,N/A,N/A,N/A,N/A,N/A,N/A,0.44,1.0,1.0,0.6859999999999999,5,0.0,0.001345610001590103,100,10,10,100,sa,N/A,N/A
2,2,4,5,7,7,4,True,True,1.0,0,0,N/A,N/A,0.01611670001875609,N/A,N/A,N/A,N/A,N/A,N/A,N/A,N/A,N/A,N/A,0.4,1.0,1.0,0.5771428571428572,7,0.0,0.0014045099989743904,100,10,10,100,sa,N/A,N/A
3,3,4,6,10,10,4,True,True,1.0,0,0,N/A,N/A,0.018623100011609495,N/A,N/A,N/A,N/A,N/A,N/A,N/A,N/A,N/A,N/A,0.31,1.0,0.97,0.7402061855670103,10,0.0,0.0016317599947797135,100,10,10,100,sa,N/A,N/A
4,3,3,5,5,5,3,True,True,1.0,0,0,N/A,N/A,0.01653039999655448,N/A,N/A,N/A,N/A,N/A,N/A,N/A,N/A,N/A,N/A,0.66,1.0,1.0,0.856,5,0.0,0.001449900004081428,100,10,10,100,sa,N/A,N/A
5,3,5,6,22,22,5,True,True,1.0,0,0,N/A,N/A,0.01870990000315942,N/A,N/A,N/A,N/A,N/A,N/A,N/A,N/A,N/A,N/A,0.3,1.0,0.99,0.6776859504132231,22,0.0,0.0016289600025629625,100,10,10,100,sa,N/A,N/A
6,3,5,6,13,13,5,True,True,1.0,0,0,N/A,N/A,0.02045660000294447,N/A,N/A,N/A,N/A,N/A,N/A,N/A,N/A,N/A,N/A,0.3,1.0,0.99,0.5687645687645688,13,0.0,0.0018166500056395307,100,10,10,100,sa,N/A,N/A
7,3,4,6,8,8,3,True,True,1.0,0,0,N/A,N/A,0.018771499977447093,N/A,N/A,N/A,N/A,N/A,N/A,N/A,N/A,N/A,N/A,0.32,1.0,0.93,0.7311827956989247,8,0.0,0.0016473100055009126,100,10,10,100,sa,N/A,N/A
10,3,5,6,9,9,5,True,True,1.0,0,0,N/A,N/A,0.0197395000141114,N/A,N/A,N/A,N/A,N/A,N/A,N/A,N/A,N/A,N/A,0.29,0.9,0.98,0.6213151927437641,8.7,0.9,0.00174515999678988,100,10,10,100,sa,N/A,N/A
11,4,4,7,6,6,4,True,True,1.0,0,0,N/A,N/A,0.02083150000544265,N/A,N/A,N/A,N/A,N/A,N/A,N/A,N/A,N/A,N/A,0.42,1.0,1.0,0.715,6,0.0,0.0018294600042281673,100,10,10,100,sa,N/A,N/A
12,3,7,6,12,12,7,True,True,1.0,0,0,N/A,N/A,0.01926250001997687,N/A,N/A,N/A,N/A,N/A,N/A,N/A,N/A,N/A,N/A,0.25,1.0,0.95,0.606140350877193,12,0.0,0.0016954199963947758,100,10,10,100,sa,N/A,N/A
13,4,5,7,7,7,5,True,True,1.0,0,0,N/A,N/A,0.021006700000725687,N/A,N/A,N/A,N/A,N/A,N/A,N/A,N/A,N/A,N/A,0.34,1.0,0.99,0.7445887445887446,7,0.0,0.0018465500004822388,100,10,10,100,sa,N/A,N/A
14,2,3,4,6,6,3,True,True,1.0,0,0,N/A,N/A,0.014009699982125312,N/A,N/A,N/A,N/A,N/A,N/A,N/A,N/A,N/A,N/A,0.48,1.0,0.87,0.5517241379310345,6,0.0,0.0012301600043429061,100,10,10,100,sa,N/A,N/A
15,3,5,6,10,10,5,True,True,1.0,0,0,N/A,N/A,0.019127100007608533,N/A,N/A,N/A,N/A,N/A,N/A,N/A,N/A,N/A,N/A,0.33,1.0,1.0,0.67,10,0.0,0.0016910500038648025,100,10,10,100,sa,N/A,N/A
17,3,3,5,6,6,3,True,True,1.0,0,0,N/A,N/A,0.016292800020892173,N/A,N/A,N/A,N/A,N/A,N/A,N/A,N/A,N/A,N/A,0.68,1.0,0.99,0.797979797979798,6,0.0,0.001426210001227446,100,10,10,100,sa,N/A,N/A
19,3,5,6,8,8,5,True,True,1.0,0,0,N/A,N/A,0.018423999979859218,N/A,N/A,N/A,N/A,N/A,N/A,N/A,N/A,N/A,N/A,0.45,1.0,1.0,0.62,8,0.0,0.0016194700001506135,100,10,10,100,sa,N/A,N/A
20,4,6,7,11,11,6,True,True,1.0,0,0,N/A,N/A,0.0211915000109002,N/A,N/A,N/A,N/A,N/A,N/A,N/A,N/A,N/A,N/A,0.35,1.0,0.99,0.7162534435261708,11,0.0,0.0018454799952451139,100,10,10,100,sa,N/A,N/A
1,2,3,4,5,5,3,True,True,1.0,0,0,0.7,0.8799999999999999,181.79315779998433,181.7911260999972,171.038519300404,10.752606799593195,0.9999888241119098,0.9408518609776445,0.05914813902235551,0.05814578619999811,0.07242674346613434,2510,10,N/A,N/A,N/A,N/A,N/A,N/A,N/A,N/A,10,N/A,N/A,qaoa_warmstart,True,0.25
2,2,4,5,7,7,4,True,True,1.0,0,0,1.0,1.0,426.2293394000153,426.2271179999807,416.78757360071177,9.439544399268925,0.999994788251701,0.9778532524078645,0.022146747592135498,0.13584964384001214,0.16981160079680505,2510,10,N/A,N/A,N/A,N/A,N/A,N/A,N/A,N/A,10,N/A,N/A,qaoa_warmstart,True,0.25
3,3,4,6,10,10,4,True,True,1.0,0,0,0.8,0.96,815.9423878999951,815.9400039999746,805.7082037992077,10.231800200766884,0.9999970783476189,0.9874601071762537,0.012539892823746393,0.2574529802800156,0.3250756988047708,2510,10,N/A,N/A,N/A,N/A,N/A,N/A,N/A,N/A,10,N/A,N/A,qaoa_warmstart,True,0.25
4,3,3,5,5,5,3,True,True,1.0,0,0,0.9,0.9800000000000001,377.3285256999952,377.3262347999844,367.8497231998481,9.476511600136291,0.9999939286328628,0.9748850974935266,0.025114902506473382,0.12141942736000055,0.15032917721114916,2510,10,N/A,N/A,N/A,N/A,N/A,N/A,N/A,N/A,10,N/A,N/A,qaoa_warmstart,True,0.25
5,3,5,6,22,22,5,True,True,1.0,0,0,0.9,0.9818181818181818,878.5057717000018,878.5034519999754,868.4294237007853,10.074028299190104,0.9999973594936981,0.9885327390845695,0.011467260915430514,0.27889785327999855,0.350001375298795,2510,10,N/A,N/A,N/A,N/A,N/A,N/A,N/A,N/A,10,N/A,N/A,qaoa_warmstart,True,0.25
6,3,5,6,13,13,5,True,True,1.0,0,0,0.9,0.9615384615384615,929.0982951000042,929.0959529999527,918.8922901996411,10.203662800311577,0.9999974791687125,0.9890176436918436,0.01098235630815636,0.29592930311999516,0.37015775019918434,2510,10,N/A,N/A,N/A,N/A,N/A,N/A,N/A,N/A,10,N/A,N/A,qaoa_warmstart,True,0.25
7,3,4,6,8,8,3,True,True,1.0,0,0,0.9,0.9875,882.6730938000255,882.6706491999794,872.5744717999769,10.096177400002489,0.9999972304581806,0.9885617841613367,0.011438215838663376,0.28164880655999297,0.3516616132270834,2510,10,N/A,N/A,N/A,N/A,N/A,N/A,N/A,N/A,10,N/A,N/A,qaoa_warmstart,True,0.25
10,3,5,6,9,9,5,True,True,1.0,0,0,0.8,0.9333333333333332,916.2803759999806,916.2780216000101,906.103671900375,10.174349699635059,0.9999974304808527,0.9888960015849027,0.011103998415097361,0.293702731520019,0.36505100462151796,2510,10,N/A,N/A,N/A,N/A,N/A,N/A,N/A,N/A,10,N/A,N/A,qaoa_warmstart,True,0.25
11,4,4,7,6,6,4,True,True,1.0,0,0,1.0,1.0,1563.7480579999974,1563.745549299987,1551.4899531001283,12.2555961998587,0.9999983957134286,0.9921626659750719,0.00783733402492812,0.4945014437599806,0.6230061949402339,2510,10,N/A,N/A,N/A,N/A,N/A,N/A,N/A,N/A,10,N/A,N/A,qaoa_warmstart,True,0.25
12,3,7,6,12,12,7,True,True,1.0,0,0,0.9,0.9833333333333334,933.6497558999981,933.6473334999755,923.5495325005904,10.097800999385072,0.9999974054510191,0.9891845661235583,0.010815433876441674,0.29629405172000406,0.3719710492031775,2510,10,N/A,N/A,N/A,N/A,N/A,N/A,N/A,N/A,10,N/A,N/A,qaoa_warmstart,True,0.25
13,4,5,7,7,7,5,True,True,1.0,0,0,0.9,0.9714285714285715,1792.9989583000133,1792.9964853999845,1780.9806318004557,12.015853599528782,0.999998620802306,0.9932984511138915,0.006701548886108534,0.5719940097599873,0.7143412292430217,2510,10,N/A,N/A,N/A,N/A,N/A,N/A,N/A,N/A,10,N/A,N/A,qaoa_warmstart,True,0.25
14,2,3,4,6,6,3,True,True,1.0,0,0,0.9,0.9,221.37405820001732,221.37182860000758,210.33811550110113,11.033713098906446,0.9999899283591408,0.9501575554184762,0.049842444581523725,0.07113958268000278,0.08819594764940542,2510,10,N/A,N/A,N/A,N/A,N/A,N/A,N/A,N/A,10,N/A,N/A,qaoa_warmstart,True,0.25
15,3,5,6,10,10,5,True,True,1.0,0,0,0.8,0.9199999999999999,923.330072199984,923.3277072999626,913.2061259987531,10.121581301209517,0.9999974387273928,0.9890379317969267,0.010962068203073327,0.2944528486399795,0.3678596443426146,2510,10,N/A,N/A,N/A,N/A,N/A,N/A,N/A,N/A,10,N/A,N/A,qaoa_warmstart,True,0.25
17,3,3,5,6,6,3,True,True,1.0,0,0,1.0,1.0,378.3194749999966,378.3171630000288,368.8473178001004,9.469845199928386,0.999993888763015,0.9749685022883097,0.025031497711690297,0.12095105528000276,0.15072396932272064,2510,10,N/A,N/A,N/A,N/A,N/A,N/A,N/A,N/A,10,N/A,N/A,qaoa_warmstart,True,0.25
19,3,5,6,8,8,5,True,True,1.0,0,0,0.9,0.9375,891.4477178000088,891.4453043999674,881.0607475998695,10.384556800097926,0.9999972927183578,0.9883508761010438,0.011649123898956178,0.2819844935599947,0.3551574917928157,2510,10,N/A,N/A,N/A,N/A,N/A,N/A,N/A,N/A,10,N/A,N/A,qaoa_warmstart,True,0.25
20,4,6,7,11,11,6,True,True,1.0,0,0,1.0,1.0,1803.7031223999802,1803.7005884999817,1791.48952370006,12.211064799921587,0.9999985951679259,0.9932299934491474,0.006770006550852612,0.5750025611199904,0.7186058121513871,2510,10,N/A,N/A,N/A,N/A,N/A,N/A,N/A,N/A,10,N/A,N/A,qaoa_warmstart,True,0.25
1,2,3,4,5,5,3,True,True,1.0,0,0,1.0,1.0,231.03993999998784,231.03791769995587,220.7876212996489,10.25029640030698,0.9999912469678102,0.9556337050543416,0.04436629494565834,0.07491759572001173,0.09204697916332903,2510,10,N/A,N/A,N/A,N/A,N/A,N/A,N/A,N/A,10,N/A,N/A,qaoa,N/A,N/A
2,2,4,5,7,7,4,True,True,1.0,0,0,0.9,0.9571428571428571,491.4771024999791,491.47488379999413,482.19045859965263,9.284425200341502,0.999995485649334,0.9811090545898175,0.01889094541018255,0.15722179436000297,0.19580672661354348,2510,10,N/A,N/A,N/A,N/A,N/A,N/A,N/A,N/A,10,N/A,N/A,qaoa,N/A,N/A
3,3,4,6,10,10,4,True,True,1.0,0,0,0.9,0.9800000000000001,984.087008499977,984.0846117000037,974.021363200387,10.063248499616748,0.9999975644430295,0.9897740007515893,0.010225999248410673,0.3158833506800118,0.3920655823505991,2510,10,N/A,N/A,N/A,N/A,N/A,N/A,N/A,N/A,10,N/A,N/A,qaoa,N/A,N/A
4,3,3,5,5,5,3,True,True,1.0,0,0,1.0,1.0,419.44918599998346,419.44687269994756,410.2091803000076,9.237692399939988,0.9999944849099411,0.9779764899891191,0.022023510010880914,0.1337419830400031,0.1671103078485847,2510,10,N/A,N/A,N/A,N/A,N/A,N/A,N/A,N/A,10,N/A,N/A,qaoa,N/A,N/A
5,3,5,6,22,22,5,True,True,1.0,0,0,0.7,0.9454545454545455,1016.7274498000043,1016.7251105999749,1006.8336693994643,9.891441200510599,0.9999976992850642,0.9902712728372828,0.009728727162717174,0.3251664874400012,0.40506976517927284,2510,10,N/A,N/A,N/A,N/A,N/A,N/A,N/A,N/A,10,N/A,N/A,qaoa,N/A,N/A
6,3,5,6,13,13,5,True,True,1.0,0,0,0.9,0.9615384615384615,1036.935401900002,1036.9329348000174,1026.7104313000746,10.222503499942832,0.9999976207775526,0.9901415962818132,0.00985840371818679,0.3301138779999921,0.4131206911553854,2510,10,N/A,N/A,N/A,N/A,N/A,N/A,N/A,N/A,10,N/A,N/A,qaoa,N/A,N/A
7,3,4,6,8,8,3,True,True,1.0,0,0,0.9,0.9875,968.0553890999872,968.0530352999631,957.8587605004432,10.194274799519917,0.9999975685275341,0.9894693013421924,0.010530698657807622,0.30775158175999534,0.3856785001195072,2510,10,N/A,N/A,N/A,N/A,N/A,N/A,N/A,N/A,10,N/A,N/A,qaoa,N/A,N/A
10,3,5,6,9,9,5,True,True,1.0,0,0,0.9,0.9666666666666668,1015.9675019000133,1015.9650721999642,1005.9361488001887,10.028923399775522,0.999997608486448,0.990128673047727,0.009871326952273031,0.3245218462000019,0.4047669610358423,2510,10,N/A,N/A,N/A,N/A,N/A,N/A,N/A,N/A,10,N/A,N/A,qaoa,N/A,N/A
11,4,4,7,6,6,4,True,True,1.0,0,0,0.9,0.9833333333333332,1981.8851105000067,1981.8825129999605,1970.4118085995433,11.470704400417162,0.9999986893791005,0.9942122177650914,0.005787782234908589,0.6364609722400201,0.7895946266932113,2510,10,N/A,N/A,N/A,N/A,N/A,N/A,N/A,N/A,10,N/A,N/A,qaoa,N/A,N/A
12,3,7,6,12,12,7,True,True,1.0,0,0,1.0,1.0,1056.8382324000122,1056.8358542999194,1046.7574994001188,10.078354899800615,0.9999977497974432,0.9904636516079625,0.009536348392037501,0.3361950316400034,0.4210501411553464,2510,10,N/A,N/A,N/A,N/A,N/A,N/A,N/A,N/A,10,N/A,N/A,qaoa,N/A,N/A
13,4,5,7,7,7,5,True,True,1.0,0,0,0.9,0.9857142857142858,2042.1930013000092,2042.1903859000013,2030.7313823998848,11.459003500116523,0.9999987193179066,0.9943888662001185,0.005611133799881492,0.6473694084799848,0.8136216676892435,2510,10,N/A,N/A,N/A,N/A,N/A,N/A,N/A,N/A,10,N/A,N/A,qaoa,N/A,N/A
14,2,3,4,6,6,3,True,True,1.0,0,0,1.0,1.0,255.7652069000178,255.76297710003564,245.94708180023008,9.815895299805561,0.9999912818478746,0.9616211251092597,0.038378874890740364,0.08204440871999832,0.10189760043826121,2510,10,N/A,N/A,N/A,N/A,N/A,N/A,N/A,N/A,10,N/A,N/A,qaoa,N/A,N/A
15,3,5,6,10,10,5,True,True,1.0,0,0,0.9,0.97,1035.8404326000018,1035.8381101000414,1025.9138899992104,9.924220100831008,0.9999977578593311,0.9904191398211131,0.009580860178886954,0.3302683706400334,0.41268450601595275,2510,10,N/A,N/A,N/A,N/A,N/A,N/A,N/A,N/A,10,N/A,N/A,qaoa,N/A,N/A
17,3,3,5,6,6,3,True,True,1.0,0,0,1.0,1.0,436.3637369000062,436.36138340001344,427.08377169957384,9.277611700439593,0.9999946065637593,0.978738696746832,0.021261303253167996,0.13952548276002052,0.17384915673307308,2510,10,N/A,N/A,N/A,N/A,N/A,N/A,N/A,N/A,10,N/A,N/A,qaoa,N/A,N/A
19,3,5,6,8,8,5,True,True,1.0,0,0,1.0,1.0,1019.421867099998,1019.4193800999783,1009.3653648998879,10.054015200090362,0.9999975603819184,0.9901375082754418,0.009862491724558274,0.32395045204000783,0.4061431793227005,2510,10,N/A,N/A,N/A,N/A,N/A,N/A,N/A,N/A,10,N/A,N/A,qaoa,N/A,N/A
20,4,6,7,11,11,6,True,True,1.0,0,0,0.9,0.990909090909091,2105.196629800019,2105.1941071000183,2093.7926117999305,11.401495300087845,0.9999988016796318,0.9945841120960605,0.005415887903939566,0.6706882499199943,0.8387227518326766,2510,10,N/A,N/A,N/A,N/A,N/A,N/A,N/A,N/A,10,N/A,N/A,qaoa,N/A,N/A
1,2,3,4,5,5,3,True,True,1.0,0,0,N/A,N/A,0.015128200000617653,N/A,N/A,N/A,N/A,N/A,N/A,N/A,N/A,N/A,N/A,0.5,1.0,1.0,0.734,5,0.0,0.0013026599976001308,100,10,10,100,sa,N/A,N/A
2,2,4,5,7,7,4,True,True,1.0,0,0,N/A,N/A,0.01632870000321418,N/A,N/A,N/A,N/A,N/A,N/A,N/A,N/A,N/A,N/A,0.28,1.0,1.0,0.4857142857142857,7,0.0,0.0014171799994073808,100,10,10,100,sa,N/A,N/A
3,3,4,6,10,10,4,True,True,1.0,0,0,N/A,N/A,0.018353099992964417,N/A,N/A,N/A,N/A,N/A,N/A,N/A,N/A,N/A,N/A,0.32,1.0,1.0,0.724,10,0.0,0.001606350002111867,100,10,10,100,sa,N/A,N/A
4,3,3,5,5,5,3,True,True,1.0,0,0,N/A,N/A,0.016218300006585196,N/A,N/A,N/A,N/A,N/A,N/A,N/A,N/A,N/A,N/A,0.7,1.0,1.0,0.866,5,0.0,0.0014200200035702436,100,10,10,100,sa,N/A,N/A
5,3,5,6,22,22,5,True,True,1.0,0,0,N/A,N/A,0.018123700021533296,N/A,N/A,N/A,N/A,N/A,N/A,N/A,N/A,N/A,N/A,0.31,1.0,0.99,0.7079889807162535,22,0.0,0.0015892099996563046,100,10,10,100,sa,N/A,N/A
6,3,5,6,13,13,5,True,True,1.0,0,0,N/A,N/A,0.018491099996026605,N/A,N/A,N/A,N/A,N/A,N/A,N/A,N/A,N/A,N/A,0.28,1.0,0.97,0.6161776367961935,13,0.0,0.00162146000075154,100,10,10,100,sa,N/A,N/A
7,3,4,6,8,8,3,True,True,1.0,0,0,N/A,N/A,0.018871600012062117,N/A,N/A,N/A,N/A,N/A,N/A,N/A,N/A,N/A,N/A,0.3,1.0,0.96,0.62109375,8,0.0,0.0016598799964413046,100,10,10,100,sa,N/A,N/A
10,3,5,6,9,9,5,True,True,1.0,0,0,N/A,N/A,0.018641300004674122,N/A,N/A,N/A,N/A,N/A,N/A,N/A,N/A,N/A,N/A,0.3,1.0,0.97,0.6414662084765177,9,0.0,0.001638060002005659,100,10,10,100,sa,N/A,N/A
11,4,4,7,6,6,4,True,True,1.0,0,0,N/A,N/A,0.02067420000093989,N/A,N/A,N/A,N/A,N/A,N/A,N/A,N/A,N/A,N/A,0.35,1.0,1.0,0.7283333333333334,6,0.0,0.0018132599972886965,100,10,10,100,sa,N/A,N/A
12,3,7,6,12,12,7,True,True,1.0,0,0,N/A,N/A,0.018084099981933832,N/A,N/A,N/A,N/A,N/A,N/A,N/A,N/A,N/A,N/A,0.24,0.9,0.96,0.6536458333333334,11.8,0.6,0.0015866900008404627,100,10,10,100,sa,N/A,N/A
13,4,5,7,7,7,5,True,True,1.0,0,0,N/A,N/A,0.020130099990637973,N/A,N/A,N/A,N/A,N/A,N/A,N/A,N/A,N/A,N/A,0.36,1.0,1.0,0.7228571428571429,7,0.0,0.0017625599983148276,100,10,10,100,sa,N/A,N/A
14,2,3,4,6,6,3,True,True,1.0,0,0,N/A,N/A,0.013791799981845543,N/A,N/A,N/A,N/A,N/A,N/A,N/A,N/A,N/A,N/A,0.47,1.0,0.74,0.6351351351351351,6,0.0,0.0012108899973100051,100,10,10,100,sa,N/A,N/A
15,3,5,6,10,10,5,True,True,1.0,0,0,N/A,N/A,0.018195899989223108,N/A,N/A,N/A,N/A,N/A,N/A,N/A,N/A,N/A,N/A,0.28,1.0,0.98,0.6530612244897959,10,0.0,0.0015952900110278278,100,10,10,100,sa,N/A,N/A
17,3,3,5,6,6,3,True,True,1.0,0,0,N/A,N/A,0.015872900024987757,N/A,N/A,N/A,N/A,N/A,N/A,N/A,N/A,N/A,N/A,0.69,1.0,0.99,0.8215488215488216,6,0.0,0.0013972399989143013,100,10,10,100,sa,N/A,N/A
19,3,5,6,8,8,5,True,True,1.0,0,0,N/A,N/A,0.018413000012515113,N/A,N/A,N/A,N/A,N/A,N/A,N/A,N/A,N/A,N/A,0.41,1.0,1.0,0.59375,8,0.0,0.001626489998307079,100,10,10,100,sa,N/A,N/A
20,4,6,7,11,11,6,True,True,1.0,0,0,N/A,N/A,0.019860400003381073,N/A,N/A,N/A,N/A,N/A,N/A,N/A,N/A,N/A,N/A,0.36,1.0,0.99,0.721763085399449,11,0.0,0.001739850000012666,100,10,10,100,sa,N/A,N/A
1,2,3,4,5,5,3,True,True,1.0,0,0,1.0,1.0,183.59661259999848,183.59456639995915,172.28471549999085,11.309850899968296,0.9999888549139858,0.9383976817956046,0.06160231820439547,0.05879295164000942,0.07314524557767296,2510,10,N/A,N/A,N/A,N/A,N/A,N/A,N/A,N/A,10,N/A,N/A,qaoa_warmstart,True,0.25
2,2,4,5,7,7,4,True,True,1.0,0,0,1.0,1.0,435.7011428999831,435.69897229998605,426.13403130022925,9.5649409997568,0.9999950181448168,0.9780469048405944,0.021953095159405557,0.13941363787999145,0.17358524792828128,2510,10,N/A,N/A,N/A,N/A,N/A,N/A,N/A,N/A,10,N/A,N/A,qaoa_warmstart,True,0.25
3,3,4,6,10,10,4,True,True,1.0,0,0,1.0,1.0,874.3592738999869,874.3568711000553,864.0865899994678,10.270281100587454,0.9999972519306385,0.9882539024509911,0.011746097549008905,0.28033942631999964,0.3483493510358786,2510,10,N/A,N/A,N/A,N/A,N/A,N/A,N/A,N/A,10,N/A,N/A,qaoa_warmstart,True,0.25
4,3,3,5,5,5,3,True,True,1.0,0,0,1.0,1.0,371.8822317000013,371.8800089000142,362.3793748001044,9.500634099909803,0.9999940228389592,0.9744524204782834,0.025547579521716633,0.11902722600001144,0.1481593660956232,2510,10,N/A,N/A,N/A,N/A,N/A,N/A,N/A,N/A,10,N/A,N/A,qaoa_warmstart,True,0.25
5,3,5,6,22,22,5,True,True,1.0,0,0,0.8,0.9636363636363636,894.2459005000128,894.2435648000392,884.0117512007128,10.231813599326415,0.9999973880786344,0.988558135610834,0.011441864389165987,0.2847699557200074,0.35627233657372076,2510,10,N/A,N/A,N/A,N/A,N/A,N/A,N/A,N/A,10,N/A,N/A,qaoa_warmstart,True,0.25
6,3,5,6,13,13,5,True,True,1.0,0,0,1.0,1.0,951.0387807999796,951.0363676999405,940.7386539990548,10.297713700885652,0.9999974626691489,0.9891721136534553,0.010827886346544701,0.3044425499199773,0.37889895127487666,2510,10,N/A,N/A,N/A,N/A,N/A,N/A,N/A,N/A,10,N/A,N/A,qaoa_warmstart,True,0.25
7,3,4,6,8,8,3,True,True,1.0,0,0,0.6,0.95,881.187200299988,881.1848595000338,870.7780016003235,10.406857899710303,0.9999973435837999,0.9881899265659024,0.01181007343409752,0.2818821619600174,0.3510696651394557,2510,10,N/A,N/A,N/A,N/A,N/A,N/A,N/A,N/A,10,N/A,N/A,qaoa_warmstart,True,0.25
10,3,5,6,9,9,5,True,True,1.0,0,0,0.7,0.9,899.5634336999792,899.5609695999883,889.2406225000741,10.320347099914216,0.9999972607823989,0.9885273511760927,0.011472648823907299,0.28704711663998894,0.358390824541828,2510,10,N/A,N/A,N/A,N/A,N/A,N/A,N/A,N/A,10,N/A,N/A,qaoa_warmstart,True,0.25
11,4,4,7,6,6,4,True,True,1.0,0,0,1.0,1.0,1677.8077051000146,1677.8052240000688,1665.5796499999124,12.225574000156485,0.9999985212250855,0.9927133532395319,0.007286646760468057,0.5392272611199879,0.6684482964143701,2510,10,N/A,N/A,N/A,N/A,N/A,N/A,N/A,N/A,10,N/A,N/A,qaoa_warmstart,True,0.25
12,3,7,6,12,12,7,True,True,1.0,0,0,0.9,0.9833333333333334,958.1781052000006,958.1756862999755,947.9836425998074,10.192043700168142,0.9999974755215006,0.9893630741774245,0.010636925822575428,0.3060195233600331,0.3817433013147313,2510,10,N/A,N/A,N/A,N/A,N/A,N/A,N/A,N/A,10,N/A,N/A,qaoa_warmstart,True,0.25
13,4,5,7,7,7,5,True,True,1.0,0,0,0.9,0.9857142857142858,1786.830728699977,1786.8282595999772,1774.5435637993796,12.284695800597547,0.9999986181679327,0.9931248592389356,0.00687514076106439,0.5689316386800143,0.7118837687649311,2510,10,N/A,N/A,N/A,N/A,N/A,N/A,N/A,N/A,10,N/A,N/A,qaoa_warmstart,True,0.25
14,2,3,4,6,6,3,True,True,1.0,0,0,1.0,1.0,213.72459690002142,213.7224396999809,202.53316460037604,11.189275099604856,0.9999899066365228,0.9476457637517515,0.05235423624824856,0.06804352051997557,0.08514838235059,2510,10,N/A,N/A,N/A,N/A,N/A,N/A,N/A,N/A,10,N/A,N/A,qaoa_warmstart,True,0.25
15,3,5,6,10,10,5,True,True,1.0,0,0,1.0,1.0,939.0354022999818,939.033063800045,928.8783947999764,10.15466900006868,0.9999975096786223,0.9891860367951527,0.010813963204847264,0.30054194492000386,0.37411675848607373,2510,10,N/A,N/A,N/A,N/A,N/A,N/A,N/A,N/A,10,N/A,N/A,qaoa_warmstart,True,0.25
17,3,3,5,6,6,3,True,True,1.0,0,0,0.9,0.9666666666666668,396.135483399994,396.13321210001595,386.50500690031913,9.628205199696822,0.9999942663556455,0.9756945267258583,0.024305473274141648,0.1279271595600061,0.15782199685259599,2510,10,N/A,N/A,N/A,N/A,N/A,N/A,N/A,N/A,10,N/A,N/A,qaoa_warmstart,True,0.25
19,3,5,6,8,8,5,True,True,1.0,0,0,1.0,1.0,914.5034653000184,914.5011093999783,904.1897296000097,10.311379799968563,0.9999974238478808,0.9887245847009042,0.011275415299095762,0.2905527219599811,0.36434307147409495,2510,10,N/A,N/A,N/A,N/A,N/A,N/A,N/A,N/A,10,N/A,N/A,qaoa_warmstart,True,0.25
20,4,6,7,11,11,6,True,True,1.0,0,0,0.8,0.9818181818181818,1813.266940100002,1813.2644532000413,1801.135144399741,12.12930880030035,0.9999986284975997,0.9933107888488661,0.006689211151133856,0.5775278886800049,0.7224161168127655,2510,10,N/A,N/A,N/A,N/A,N/A,N/A,N/A,N/A,10,N/A,N/A,qaoa_warmstart,True,0.25
1,2,3,4,5,5,3,True,True,1.0,0,0,1.0,1.0,219.53001349998522,219.52801250002813,209.26195910028764,10.266053399740485,0.9999908850734112,0.9532357930870478,0.04676420691295226,0.07037242799998494,0.0874613595617642,2510,10,N/A,N/A,N/A,N/A,N/A,N/A,N/A,N/A,10,N/A,N/A,qaoa,N/A,N/A
2,2,4,5,7,7,4,True,True,1.0,0,0,0.9,0.9571428571428571,500.0672649999906,500.0650893000129,490.80628090005484,9.25880839995807,0.9999956491853598,0.9814847934837473,0.018515206516252665,0.16079335812000792,0.19922911924303302,2510,10,N/A,N/A,N/A,N/A,N/A,N/A,N/A,N/A,10,N/A,N/A,qaoa,N/A,N/A
3,3,4,6,10,10,4,True,True,1.0,0,0,0.8,0.96,972.9226916999905,972.9203678000194,962.8735392001399,10.046828599879518,0.9999976114238152,0.9896735345128014,0.010326465487198651,0.3111426902000094,0.38761767641435035,2510,10,N/A,N/A,N/A,N/A,N/A,N/A,N/A,N/A,10,N/A,N/A,qaoa,N/A,N/A
4,3,3,5,5,5,3,True,True,1.0,0,0,1.0,1.0,429.2395761999942,429.2373010000447,420.01404959955835,9.223251400486333,0.9999946994637129,0.9785124652983377,0.021487534701662318,0.13756695740000577,0.1710108768924481,2510,10,N/A,N/A,N/A,N/A,N/A,N/A,N/A,N/A,10,N/A,N/A,qaoa,N/A,N/A
5,3,5,6,22,22,5,True,True,1.0,0,0,0.9,0.9818181818181818,1004.1586386999988,1004.1562240999483,994.0308182998269,10.12540580012137,0.9999975953998128,0.9899165034711636,0.010083496528836475,0.32028516387998823,0.40006224067727025,2510,10,N/A,N/A,N/A,N/A,N/A,N/A,N/A,N/A,10,N/A,N/A,qaoa,N/A,N/A
6,3,5,6,13,13,5,True,True,1.0,0,0,1.0,1.0,1029.6521676000266,1029.6498156000162,1019.5120161006053,10.137799499410903,0.9999977157334443,0.9901541287670671,0.009845871232932938,0.32770343215997566,0.4102190500398471,2510,10,N/A,N/A,N/A,N/A,N/A,N/A,N/A,N/A,10,N/A,N/A,qaoa,N/A,N/A
7,3,4,6,8,8,3,True,True,1.0,0,0,0.9,0.9875,990.1675775999902,990.1652086999966,980.0106552995276,10.154553400469013,0.9999976075766899,0.9897445867505271,0.010255413249472867,0.3169717992400285,0.3944881309561739,2510,10,N/A,N/A,N/A,N/A,N/A,N/A,N/A,N/A,10,N/A,N/A,qaoa,N/A,N/A
10,3,5,6,9,9,5,True,True,1.0,0,0,0.8,0.9333333333333332,1018.0196179999912,1018.0172779999848,1007.9643323001801,10.052945699804695,0.9999977014195356,0.9901249753643132,0.009875024635686827,0.32573204219999025,0.4055845729083605,2510,10,N/A,N/A,N/A,N/A,N/A,N/A,N/A,N/A,10,N/A,N/A,qaoa,N/A,N/A
11,4,4,7,6,6,4,True,True,1.0,0,0,0.9,0.9666666666666666,1955.175185,1955.1726504000253,1943.6760286002827,11.49662179974257,0.9999987036455893,0.9941198943237108,0.0058801056762891905,0.6262639040000154,0.7789532471713249,2510,10,N/A,N/A,N/A,N/A,N/A,N/A,N/A,N/A,10,N/A,N/A,qaoa,N/A,N/A
12,3,7,6,12,12,7,True,True,1.0,0,0,0.8,0.9666666666666668,1082.6936238000053,1082.6912185000256,1072.713386499643,9.977832000382477,0.999997778411245,0.9907842311548385,0.009215768845161499,0.34701508536000036,0.4313510830677393,2510,10,N/A,N/A,N/A,N/A,N/A,N/A,N/A,N/A,10,N/A,N/A,qaoa,N/A,N/A
13,4,5,7,7,7,5,True,True,1.0,0,0,1.0,1.0,2093.2365414000233,2093.2339531999605,2081.6960560998996,11.537897100060945,0.9999987635415245,0.9944880040368049,0.005511995963195024,0.6686264868800063,0.8339577502788688,2510,10,N/A,N/A,N/A,N/A,N/A,N/A,N/A,N/A,10,N/A,N/A,qaoa,N/A,N/A
14,2,3,4,6,6,3,True,True,1.0,0,0,1.0,1.0,255.03448040000512,255.03214790002676,244.8786282998335,10.153519600193249,0.9999908541779343,0.960187295273169,0.03981270472683097,0.08182724335999228,0.10160643342630549,2510,10,N/A,N/A,N/A,N/A,N/A,N/A,N/A,N/A,10,N/A,N/A,qaoa,N/A,N/A
15,3,5,6,10,10,5,True,True,1.0,0,0,0.8,0.96,1057.3467117999971,1057.3443592000694,1047.3092287993932,10.03513040067628,0.9999977749966955,0.9905091181379467,0.009490881862053274,0.3389028319199919,0.42125273274903163,2510,10,N/A,N/A,N/A,N/A,N/A,N/A,N/A,N/A,10,N/A,N/A,qaoa,N/A,N/A
17,3,3,5,6,6,3,True,True,1.0,0,0,1.0,1.0,423.3209924999974,423.3187090999854,414.0912464002031,9.227462699782336,0.99999460598446,0.9782020909980549,0.021797909001945063,0.13443193016001023,0.1686528721513886,2510,10,N/A,N/A,N/A,N/A,N/A,N/A,N/A,N/A,10,N/A,N/A,qaoa,N/A,N/A
19,3,5,6,8,8,5,True,True,1.0,0,0,1.0,1.0,1026.7649026,1026.7625311999873,1016.7670042001118,9.995526999875437,0.9999976904157839,0.9902650060786757,0.00973499392132431,0.326641953399987,0.40906873752987544,2510,10,N/A,N/A,N/A,N/A,N/A,N/A,N/A,N/A,10,N/A,N/A,qaoa,N/A,N/A
20,4,6,7,11,11,6,True,True,1.0,0,0,0.9,0.9727272727272727,2137.4622999999847,2137.4597420000355,2125.918701800081,11.541040199954296,0.99999880325377,0.9946005812539163,0.005399418746083735,0.6835617376800044,0.8515775864541975,2510,10,N/A,N/A,N/A,N/A,N/A,N/A,N/A,N/A,10,N/A,N/A,qaoa,N/A,N/A
1,2,3,4,5,5,3,True,True,1.0,0,0,N/A,N/A,0.015310100017813966,N/A,N/A,N/A,N/A,N/A,N/A,N/A,N/A,N/A,N/A,0.41,1.0,1.0,0.662,5,0.0,0.0013234899961389601,100,10,10,100,sa,N/A,N/A
2,2,4,5,7,7,4,True,True,1.0,0,0,N/A,N/A,0.01655390000087209,N/A,N/A,N/A,N/A,N/A,N/A,N/A,N/A,N/A,N/A,0.36,1.0,1.0,0.6342857142857142,7,0.0,0.0014404699933947996,100,10,10,100,sa,N/A,N/A
3,3,4,6,10,10,4,True,True,1.0,0,0,N/A,N/A,0.018522599973948672,N/A,N/A,N/A,N/A,N/A,N/A,N/A,N/A,N/A,N/A,0.27,1.0,1.0,0.718,10,0.0,0.0016202000086195766,100,10,10,100,sa,N/A,N/A
4,3,3,5,5,5,3,True,True,1.0,0,0,N/A,N/A,0.016317400004481897,N/A,N/A,N/A,N/A,N/A,N/A,N/A,N/A,N/A,N/A,0.7,1.0,1.0,0.834,5,0.0,0.0014317799999844284,100,10,10,100,sa,N/A,N/A
5,3,5,6,22,22,5,True,True,1.0,0,0,N/A,N/A,0.018313799984753132,N/A,N/A,N/A,N/A,N/A,N/A,N/A,N/A,N/A,N/A,0.28,0.9,0.98,0.7012987012987013,21.6,1.2,0.0016002200020011515,100,10,10,100,sa,N/A,N/A
6,3,5,6,13,13,5,True,True,1.0,0,0,N/A,N/A,0.019006599992280826,N/A,N/A,N/A,N/A,N/A,N/A,N/A,N/A,N/A,N/A,0.32,0.9,0.96,0.6330128205128205,12.6,1.2,0.001664450002135709,100,10,10,100,sa,N/A,N/A
7,3,4,6,8,8,3,True,True,1.0,0,0,N/A,N/A,0.018957399995997548,N/A,N/A,N/A,N/A,N/A,N/A,N/A,N/A,N/A,N/A,0.32,1.0,0.92,0.7078804347826086,8,0.0,0.0016666899988194927,100,10,10,100,sa,N/A,N/A
10,3,5,6,9,9,5,True,True,1.0,0,0,N/A,N/A,0.018538999982411042,N/A,N/A,N/A,N/A,N/A,N/A,N/A,N/A,N/A,N/A,0.26,1.0,0.97,0.5967926689576174,9,0.0,0.001626669999677688,100,10,10,100,sa,N/A,N/A
11,4,4,7,6,6,4,True,True,1.0,0,0,N/A,N/A,0.020747899980051443,N/A,N/A,N/A,N/A,N/A,N/A,N/A,N/A,N/A,N/A,0.39,1.0,1.0,0.7583333333333333,6,0.0,0.0018206200009444728,100,10,10,100,sa,N/A,N/A
12,3,7,6,12,12,7,True,True,1.0,0,0,N/A,N/A,0.018154999997932464,N/A,N/A,N/A,N/A,N/A,N/A,N/A,N/A,N/A,N/A,0.25,1.0,0.96,0.6805555555555556,12,0.0,0.0015920999983791261,100,10,10,100,sa,N/A,N/A
13,4,5,7,7,7,5,True,True,1.0,0,0,N/A,N/A,0.020540700003039092,N/A,N/A,N/A,N/A,N/A,N/A,N/A,N/A,N/A,N/A,0.34,1.0,1.0,0.7042857142857143,7,0.0,0.0017954799986910075,100,10,10,100,sa,N/A,N/A
14,2,3,4,6,6,3,True,True,1.0,0,0,N/A,N/A,0.01384549998329021,N/A,N/A,N/A,N/A,N/A,N/A,N/A,N/A,N/A,N/A,0.47,1.0,0.86,0.5465116279069767,6,0.0,0.0012153899966506287,100,10,10,100,sa,N/A,N/A
15,3,5,6,10,10,5,True,True,1.0,0,0,N/A,N/A,0.01849049999145791,N/A,N/A,N/A,N/A,N/A,N/A,N/A,N/A,N/A,N/A,0.21,0.9,0.98,0.6551020408163265,9.9,0.3,0.001624870000523515,100,10,10,100,sa,N/A,N/A
17,3,3,5,6,6,3,True,True,1.0,0,0,N/A,N/A,0.016220199991948903,N/A,N/A,N/A,N/A,N/A,N/A,N/A,N/A,N/A,N/A,0.72,1.0,1.0,0.85,6,0.0,0.0014255399990361183,100,10,10,100,sa,N/A,N/A
19,3,5,6,8,8,5,True,True,1.0,0,0,N/A,N/A,0.018364099989412352,N/A,N/A,N/A,N/A,N/A,N/A,N/A,N/A,N/A,N/A,0.47,1.0,1.0,0.6125,8,0.0,0.0016154699958860874,100,10,10,100,sa,N/A,N/A
20,4,6,7,11,11,6,True,True,1.0,0,0,N/A,N/A,0.0203380000020843,N/A,N/A,N/A,N/A,N/A,N/A,N/A,N/A,N/A,N/A,0.34,1.0,0.98,0.7003710575139146,11,0.0,0.0017821800080128013,100,10,10,100,sa,N/A,N/A
1,2,3,4,5,5,3,True,True,1.0,0,0,1.0,1.0,193.9661334999837,193.9641086999618,182.96648510056548,10.99762359939632,0.9999895610641644,0.9433007288146887,0.056699271185311234,0.0626138637600001,0.07727653733066207,2510,10,N/A,N/A,N/A,N/A,N/A,N/A,N/A,N/A,10,N/A,N/A,qaoa_warmstart,True,0.25
2,2,4,5,7,7,4,True,True,1.0,0,0,1.0,1.0,449.017483899981,449.0153113999986,439.4671350000717,9.548176399926888,0.9999951616583757,0.9787352988695278,0.021264701130472224,0.14373255428001286,0.17889056231075642,2510,10,N/A,N/A,N/A,N/A,N/A,N/A,N/A,N/A,10,N/A,N/A,qaoa_warmstart,True,0.25
3,3,4,6,10,10,4,True,True,1.0,0,0,0.9,0.9800000000000001,884.8301524000126,884.8277843999967,874.4205291002872,10.407255299709504,0.9999973237801522,0.988238100698017,0.011761899301983021,0.28269851016001774,0.35252102964143295,2510,10,N/A,N/A,N/A,N/A,N/A,N/A,N/A,N/A,10,N/A,N/A,qaoa_warmstart,True,0.25
4,3,3,5,5,5,3,True,True,1.0,0,0,1.0,1.0,395.30005150000216,395.29775450000307,385.6991221001954,9.598632399807684,0.999994189224134,0.9757179688208737,0.02428203117912629,0.127551721680013,0.15748914521912472,2510,10,N/A,N/A,N/A,N/A,N/A,N/A,N/A,N/A,10,N/A,N/A,qaoa_warmstart,True,0.25
5,3,5,6,22,22,5,True,True,1.0,0,0,0.9,0.9818181818181818,893.4390451000072,893.4367247999471,883.0731047003646,10.363620099582477,0.9999974029565052,0.9884002752384026,0.011599724761597454,0.2825297181599657,0.3559508863744809,2510,10,N/A,N/A,N/A,N/A,N/A,N/A,N/A,N/A,10,N/A,N/A,qaoa_warmstart,True,0.25
6,3,5,6,13,13,5,True,True,1.0,0,0,1.0,1.0,989.1870171999908,989.184638799954,978.895679000183,10.288959799770964,0.9999975956012407,0.9895985447041988,0.010401455295801186,0.3172284526400268,0.39409746565735215,2510,10,N/A,N/A,N/A,N/A,N/A,N/A,N/A,N/A,10,N/A,N/A,qaoa_warmstart,True,0.25
7,3,4,6,8,8,3,True,True,1.0,0,0,0.7,0.9625,894.8701828000194,894.8678401999932,884.582879399677,10.284960800316185,0.9999973821900973,0.9885067265373872,0.011493273462612768,0.285387063879997,0.35652105187250727,2510,10,N/A,N/A,N/A,N/A,N/A,N/A,N/A,N/A,10,N/A,N/A,qaoa_warmstart,True,0.25
10,3,5,6,9,9,5,True,True,1.0,0,0,0.7,0.9,920.9198576000053,920.9174674000824,910.7318029002054,10.18566449987702,0.9999974045516521,0.988939655440967,0.011060344559033075,0.2937031239199685,0.3668993894024233,2510,10,N/A,N/A,N/A,N/A,N/A,N/A,N/A,N/A,10,N/A,N/A,qaoa_warmstart,True,0.25
11,4,4,7,6,6,4,True,True,1.0,0,0,0.8,0.9666666666666668,1711.0911602000124,1711.0886718999827,1699.4072247000295,11.681447199953254,0.9999985457817283,0.9931730906809276,0.006826909319072427,0.5488425136399921,0.6817086342231007,2510,10,N/A,N/A,N/A,N/A,N/A,N/A,N/A,N/A,10,N/A,N/A,qaoa_warmstart,True,0.25
12,3,7,6,12,12,7,True,True,1.0,0,0,0.9,0.9833333333333334,984.2427983999951,984.240420999995,973.9861294003204,10.254291599674616,0.9999975845390955,0.9895815175023434,0.010418482497656605,0.3143857666000258,0.3921276577689223,2510,10,N/A,N/A,N/A,N/A,N/A,N/A,N/A,N/A,10,N/A,N/A,qaoa_warmstart,True,0.25
13,4,5,7,7,7,5,True,True,1.0,0,0,0.9,0.9857142857142858,1867.761692799977,1867.7592088999227,1856.336521700432,11.42268719949061,0.9999986701193927,0.9938842827570806,0.006115717242919322,0.5971423265199876,0.7441271748605269,2510,10,N/A,N/A,N/A,N/A,N/A,N/A,N/A,N/A,10,N/A,N/A,qaoa_warmstart,True,0.25
14,2,3,4,6,6,3,True,True,1.0,0,0,1.0,1.0,223.85908899997594,223.85690230003092,212.99563850119011,10.86126379884081,0.9999902318018232,0.9514812199791648,0.048518780020835255,0.07156561911997851,0.08918601685260197,2510,10,N/A,N/A,N/A,N/A,N/A,N/A,N/A,N/A,10,N/A,N/A,qaoa_warmstart,True,0.25
15,3,5,6,10,10,5,True,True,1.0,0,0,0.8,0.9600000000000002,963.5239715999924,963.5216131000197,953.1985655999742,10.323047500045504,0.9999975522145352,0.9892861277217931,0.010713872278206908,0.3080026483599562,0.38387315262948996,2510,10,N/A,N/A,N/A,N/A,N/A,N/A,N/A,N/A,10,N/A,N/A,qaoa_warmstart,True,0.25
17,3,3,5,6,6,3,True,True,1.0,0,0,1.0,1.0,395.2159219000023,395.21367549995193,385.68852919875644,9.525146301195491,0.9999943160183438,0.9758987431567341,0.024101256843265913,0.12664440332003868,0.15745564760954261,2510,10,N/A,N/A,N/A,N/A,N/A,N/A,N/A,N/A,10,N/A,N/A,qaoa_warmstart,True,0.25
19,3,5,6,8,8,5,True,True,1.0,0,0,0.9,0.9625,946.512051000027,946.5096511000884,936.2164371008985,10.293213999189902,0.9999974644803137,0.9891250828903577,0.010874917109642286,0.3011204304000363,0.3770954785259316,2510,10,N/A,N/A,N/A,N/A,N/A,N/A,N/A,N/A,10,N/A,N/A,qaoa_warmstart,True,0.25
20,4,6,7,11,11,6,True,True,1.0,0,0,1.0,1.0,1805.5044625999872,1805.501933399879,1793.8037377002183,11.698195699660573,0.9999985991726076,0.9935208068829746,0.006479193117025414,0.5703344557600096,0.7193234794421828,2510,10,N/A,N/A,N/A,N/A,N/A,N/A,N/A,N/A,10,N/A,N/A,qaoa_warmstart,True,0.25
1,2,3,4,5,5,3,True,True,1.0,0,0,1.0,1.0,228.92243879998568,228.92039239994483,218.84543290029978,10.074959499645047,0.9999910607275915,0.955989244147183,0.044010755852817045,0.07358903260002844,0.0912033435856354,2510,10,N/A,N/A,N/A,N/A,N/A,N/A,N/A,N/A,10,N/A,N/A,qaoa,N/A,N/A
2,2,4,5,7,7,4,True,True,1.0,0,0,1.0,1.0,503.30924199998844,503.30702259985264,493.90666759974556,9.400355000107083,0.9999955903846968,0.9813228217012567,0.018677178298743324,0.1607760496799834,0.20052072613539945,2510,10,N/A,N/A,N/A,N/A,N/A,N/A,N/A,N/A,10,N/A,N/A,qaoa,N/A,N/A
3,3,4,6,10,10,4,True,True,1.0,0,0,1.0,1.0,1009.6263459000038,1009.6239967000438,999.1121818012907,10.511814898753073,0.9999976731986348,0.9895883864358306,0.010411613564169376,0.32396019788002595,0.4022406361354756,2510,10,N/A,N/A,N/A,N/A,N/A,N/A,N/A,N/A,10,N/A,N/A,qaoa,N/A,N/A
4,3,3,5,5,5,3,True,True,1.0,0,0,1.0,1.0,436.1345584000228,436.1322408001288,426.68152689904673,9.450713901082054,0.999994686043907,0.9783306231070105,0.021669376892989523,0.13916287775998934,0.17375786486060907,2510,10,N/A,N/A,N/A,N/A,N/A,N/A,N/A,N/A,10,N/A,N/A,qaoa,N/A,N/A
5,3,5,6,22,22,5,True,True,1.0,0,0,0.8,0.9636363636363636,1038.410119600012,1038.4076985001448,1028.1035968012875,10.304101698857266,0.9999976684550531,0.9900770172315361,0.00992298276846397,0.3311938345200382,0.4137082464144003,2510,10,N/A,N/A,N/A,N/A,N/A,N/A,N/A,N/A,10,N/A,N/A,qaoa,N/A,N/A
6,3,5,6,13,13,5,True,True,1.0,0,0,0.7,0.9076923076923077,1093.9305804999894,1093.9281368000084,1083.5301404990605,10.397996300947852,0.9999977661288343,0.9904948086157064,0.009505191384293657,0.3501751062799478,0.4358279429482105,2510,10,N/A,N/A,N/A,N/A,N/A,N/A,N/A,N/A,10,N/A,N/A,qaoa,N/A,N/A
7,3,4,6,8,8,3,True,True,1.0,0,0,0.9,0.9375,1017.3311039999826,1017.3287320000236,1007.0157886003144,10.312943399709184,0.9999976684090857,0.9898627227607792,0.010137277239220787,0.32525882560003083,0.4053102517928381,2510,10,N/A,N/A,N/A,N/A,N/A,N/A,N/A,N/A,10,N/A,N/A,qaoa,N/A,N/A
10,3,5,6,9,9,5,True,True,1.0,0,0,0.9,0.9666666666666668,1068.838554899965,1068.836128499941,1058.6270954998326,10.20903300010832,0.9999977298722872,0.9904484581612747,0.009551541838725265,0.34324048828002995,0.42583112689240676,2510,10,N/A,N/A,N/A,N/A,N/A,N/A,N/A,N/A,10,N/A,N/A,qaoa,N/A,N/A
11,4,4,7,6,6,4,True,True,1.0,0,0,1.0,1.0,2012.6336298999959,2012.6310471000033,2000.9977572993375,11.633289800665807,0.9999987167063323,0.9942198597117796,0.005780140288220334,0.644679662239994,0.8018450386852602,2510,10,N/A,N/A,N/A,N/A,N/A,N/A,N/A,N/A,10,N/A,N/A,qaoa,N/A,N/A
12,3,7,6,12,12,7,True,True,1.0,0,0,0.8,0.9666666666666668,1100.8132328999927,1100.8108082999825,1090.552792300121,10.258015999861527,0.9999977974465261,0.9906813996351441,0.009318600364855894,0.35119103432002013,0.4385700431474034,2510,10,N/A,N/A,N/A,N/A,N/A,N/A,N/A,N/A,10,N/A,N/A,qaoa,N/A,N/A
13,4,5,7,7,7,5,True,True,1.0,0,0,0.9,0.9857142857142858,2136.50602900004,2136.5034265998984,2124.965522198763,11.537904401135165,0.999998781936439,0.9945996321571564,0.005400367842843559,0.6801376580800162,0.8511965843027484,2510,10,N/A,N/A,N/A,N/A,N/A,N/A,N/A,N/A,10,N/A,N/A,qaoa,N/A,N/A
14,2,3,4,6,6,3,True,True,1.0,0,0,1.0,1.0,256.89994710002793,256.8977320001577,246.80886870040558,10.08886329975212,0.9999913775775541,0.9607280951014938,0.039271904898506176,0.08193287416000385,0.10234969402396721,2510,10,N/A,N/A,N/A,N/A,N/A,N/A,N/A,N/A,10,N/A,N/A,qaoa,N/A,N/A
15,3,5,6,10,10,5,True,True,1.0,0,0,0.9,0.99,1061.07565959997,1061.073299999931,1050.8639646992087,10.20933530072216,0.9999977762188607,0.990378294034236,0.009621705965763934,0.3382078874800121,0.422738366533837,2510,10,N/A,N/A,N/A,N/A,N/A,N/A,N/A,N/A,10,N/A,N/A,qaoa,N/A,N/A
17,3,3,5,6,6,3,True,True,1.0,0,0,1.0,1.0,460.24270589998923,460.2404404000263,450.8863349009771,9.354105499049183,0.9999950775972462,0.9796756115327048,0.020324388467295253,0.1479800887600286,0.18336272525897462,2510,10,N/A,N/A,N/A,N/A,N/A,N/A,N/A,N/A,10,N/A,N/A,qaoa,N/A,N/A
19,3,5,6,8,8,5,True,True,1.0,0,0,0.8,0.925,1076.6847212000284,1076.682273500017,1066.3497823007638,10.332491199253127,0.9999977266325384,0.9904033980557098,0.009596601944290267,0.34407094344003125,0.42895708107570396,2510,10,N/A,N/A,N/A,N/A,N/A,N/A,N/A,N/A,10,N/A,N/A,qaoa,N/A,N/A
20,4,6,7,11,11,6,True,True,1.0,0,0,1.0,1.0,2154.7392676000018,2154.7366825001664,2143.0006906007184,11.735991899447981,0.9999988002725554,0.9945533985684828,0.0054466014315171785,0.6846732763199601,0.8584608296813412,2510,10,N/A,N/A,N/A,N/A,N/A,N/A,N/A,N/A,10,N/A,N/A,qaoa,N/A,N/A
1,2,3,4,5,5,3,True,True,1.0,0,0,N/A,N/A,0.015088899992406368,N/A,N/A,N/A,N/A,N/A,N/A,N/A,N/A,N/A,N/A,0.4,0.9,1.0,0.646,4.8,0.6,0.001308590016560629,100,10,10,100,sa,N/A,N/A
2,2,4,5,7,7,4,True,True,1.0,0,0,N/A,N/A,0.01603709999471903,N/A,N/A,N/A,N/A,N/A,N/A,N/A,N/A,N/A,N/A,0.44,1.0,1.0,0.6685714285714286,7,0.0,0.0013940599979832768,100,10,10,100,sa,N/A,N/A
3,3,4,6,10,10,4,True,True,1.0,0,0,N/A,N/A,0.018649300036486238,N/A,N/A,N/A,N/A,N/A,N/A,N/A,N/A,N/A,N/A,0.34,0.9,0.99,0.7090909090909091,9.8,0.6,0.001634950004518032,100,10,10,100,sa,N/A,N/A
4,3,3,5,5,5,3,True,True,1.0,0,0,N/A,N/A,0.01650640001753345,N/A,N/A,N/A,N/A,N/A,N/A,N/A,N/A,N/A,N/A,0.64,1.0,1.0,0.872,5,0.0,0.0014488100132439286,100,10,10,100,sa,N/A,N/A
5,3,5,6,22,22,5,True,True,1.0,0,0,N/A,N/A,0.01849320001201704,N/A,N/A,N/A,N/A,N/A,N/A,N/A,N/A,N/A,N/A,0.18,0.9,1.0,0.61,21.4,1.8,0.0016190000053029508,100,10,10,100,sa,N/A,N/A
6,3,5,6,13,13,5,True,True,1.0,0,0,N/A,N/A,0.019406499981414527,N/A,N/A,N/A,N/A,N/A,N/A,N/A,N/A,N/A,N/A,0.22,1.0,0.98,0.5282574568288854,13,0.0,0.0017088700085878372,100,10,10,100,sa,N/A,N/A
7,3,4,6,8,8,3,True,True,1.0,0,0,N/A,N/A,0.019726699974853545,N/A,N/A,N/A,N/A,N/A,N/A,N/A,N/A,N/A,N/A,0.3,1.0,0.97,0.7061855670103093,8,0.0,0.001740600005723536,100,10,10,100,sa,N/A,N/A
10,3,5,6,9,9,5,True,True,1.0,0,0,N/A,N/A,0.021183600008953363,N/A,N/A,N/A,N/A,N/A,N/A,N/A,N/A,N/A,N/A,0.23,1.0,0.96,0.5520833333333334,9,0.0,0.0017965700128115714,100,10,10,100,sa,N/A,N/A
11,4,4,7,6,6,4,True,True,1.0,0,0,N/A,N/A,0.02273949998198077,N/A,N/A,N/A,N/A,N/A,N/A,N/A,N/A,N/A,N/A,0.35,1.0,1.0,0.7183333333333334,6,0.0,0.001962829998228699,100,10,10,100,sa,N/A,N/A
12,3,7,6,12,12,7,True,True,1.0,0,0,N/A,N/A,0.020138700027018785,N/A,N/A,N/A,N/A,N/A,N/A,N/A,N/A,N/A,N/A,0.17,0.9,0.92,0.6440217391304348,11.8,0.6,0.00175756998360157,100,10,10,100,sa,N/A,N/A
13,4,5,7,7,7,5,True,True,1.0,0,0,N/A,N/A,0.022671100043226033,N/A,N/A,N/A,N/A,N/A,N/A,N/A,N/A,N/A,N/A,0.29,1.0,1.0,0.7285714285714285,7,0.0,0.001976769999600947,100,10,10,100,sa,N/A,N/A
14,2,3,4,6,6,3,True,True,1.0,0,0,N/A,N/A,0.015286799985915422,N/A,N/A,N/A,N/A,N/A,N/A,N/A,N/A,N/A,N/A,0.43,1.0,0.82,0.524390243902439,6,0.0,0.0013398399983998387,100,10,10,100,sa,N/A,N/A
15,3,5,6,10,10,5,True,True,1.0,0,0,N/A,N/A,0.02055560000007972,N/A,N/A,N/A,N/A,N/A,N/A,N/A,N/A,N/A,N/A,0.27,1.0,0.98,0.6561224489795918,10,0.0,0.0017844699963461609,100,10,10,100,sa,N/A,N/A
17,3,3,5,6,6,3,True,True,1.0,0,0,N/A,N/A,0.017742800002451986,N/A,N/A,N/A,N/A,N/A,N/A,N/A,N/A,N/A,N/A,0.65,1.0,1.0,0.8166666666666667,6,0.0,0.0015501099929679184,100,10,10,100,sa,N/A,N/A
19,3,5,6,8,8,5,True,True,1.0,0,0,N/A,N/A,0.018771499977447093,N/A,N/A,N/A,N/A,N/A,N/A,N/A,N/A,N/A,N/A,0.48,1.0,1.0,0.67,8,0.0,0.001649770000949502,100,10,10,100,sa,N/A,N/A
20,4,6,7,11,11,6,True,True,1.0,0,0,N/A,N/A,0.020560700038913637,N/A,N/A,N/A,N/A,N/A,N/A,N/A,N/A,N/A,N/A,0.24,1.0,0.98,0.6641929499072357,11,0.0,0.0017976600036490708,100,10,10,100,sa,N/A,N/A
1,2,3,4,5,5,3,True,True,1.0,0,0,1.0,1.0,187.89903840003535,187.89703240001108,177.41845179884695,10.47858060116414,0.9999893240538038,0.9442323251872523,0.05576767481274772,0.06016127331997268,0.07485937545817174,2510,10,N/A,N/A,N/A,N/A,N/A,N/A,N/A,N/A,10,N/A,N/A,qaoa_warmstart,True,0.25
2,2,4,5,7,7,4,True,True,1.0,0,0,0.9,0.9571428571428571,440.3331107000122,440.3308958999114,431.0014571993961,9.329438700515311,0.9999949701713385,0.9788126638685015,0.021187336131498532,0.14013221932002343,0.17543063581669777,2510,10,N/A,N/A,N/A,N/A,N/A,N/A,N/A,N/A,10,N/A,N/A,qaoa_warmstart,True,0.25
3,3,4,6,10,10,4,True,True,1.0,0,0,0.8,0.96,878.6007338999771,878.598402799922,868.2935844995664,10.304818300355691,0.9999973468038836,0.9882712986188955,0.011728701381104543,0.2797822718400275,0.3500392043027578,2510,10,N/A,N/A,N/A,N/A,N/A,N/A,N/A,N/A,10,N/A,N/A,qaoa_warmstart,True,0.25
4,3,3,5,5,5,3,True,True,1.0,0,0,1.0,1.0,377.58275239996146,377.58052040002076,368.0655750006554,9.514945399365388,0.9999940887131986,0.9748002217135435,0.025199778286456496,0.12045005512000062,0.1504304862151477,2510,10,N/A,N/A,N/A,N/A,N/A,N/A,N/A,N/A,10,N/A,N/A,qaoa_warmstart,True,0.25
5,3,5,6,22,22,5,True,True,1.0,0,0,0.7,0.9454545454545455,923.7551570999785,923.7529012002051,913.4323703997652,10.320530800439883,0.9999975579029182,0.988827606617494,0.011172393382505993,0.2941411976000061,0.36802904430287053,2510,10,N/A,N/A,N/A,N/A,N/A,N/A,N/A,N/A,10,N/A,N/A,qaoa_warmstart,True,0.25
6,3,5,6,13,13,5,True,True,1.0,0,0,0.9,0.9692307692307693,967.6353310999693,967.6329882999999,957.2748206979013,10.358167602098547,0.9999975788399884,0.9892953550288768,0.01070464497112324,0.30828051048005,0.38551115071713143,2510,10,N/A,N/A,N/A,N/A,N/A,N/A,N/A,N/A,10,N/A,N/A,qaoa_warmstart,True,0.25
7,3,4,6,8,8,3,True,True,1.0,0,0,0.9,0.9875,876.4252526999917,876.4228915999993,865.9284585991991,10.4944330008002,0.9999973059881774,0.9880258342161264,0.011974165783873517,0.2779062403200194,0.3491724667729081,2510,10,N/A,N/A,N/A,N/A,N/A,N/A,N/A,N/A,10,N/A,N/A,qaoa_warmstart,True,0.25
10,3,5,6,9,9,5,True,True,1.0,0,0,0.9,0.9666666666666668,917.5137716999743,917.5114399999147,907.1304940999835,10.380945899931248,0.9999974586756826,0.9886857586212416,0.01131424137875841,0.29153003063998184,0.365542406374468,2510,10,N/A,N/A,N/A,N/A,N/A,N/A,N/A,N/A,10,N/A,N/A,qaoa_warmstart,True,0.25
11,4,4,7,6,6,4,True,True,1.0,0,0,1.0,1.0,1611.6000067000277,1611.5975847999798,1599.070780098671,12.52680470130872,0.9999984972077204,0.9922270889337034,0.007772911066296652,0.5084102715999587,0.6420707509163266,2510,10,N/A,N/A,N/A,N/A,N/A,N/A,N/A,N/A,10,N/A,N/A,qaoa_warmstart,True,0.25
12,3,7,6,12,12,7,True,True,1.0,0,0,0.9,0.9833333333333334,976.3320018000086,976.3296026000753,965.9506663004286,10.378936299646739,0.9999975426392571,0.989369433978027,0.010630566021972977,0.31053591352000365,0.38897593729086666,2510,10,N/A,N/A,N/A,N/A,N/A,N/A,N/A,N/A,10,N/A,N/A,qaoa_warmstart,True,0.25
13,4,5,7,7,7,5,True,True,1.0,0,0,1.0,1.0,1849.4037230999675,1849.4012834001333,1836.8631453994894,12.538138000643812,0.9999986808181449,0.9932204340327956,0.00677956596720447,0.589390866719908,0.7368132603187781,2510,10,N/A,N/A,N/A,N/A,N/A,N/A,N/A,N/A,10,N/A,N/A,qaoa_warmstart,True,0.25
14,2,3,4,6,6,3,True,True,1.0,0,0,1.0,1.0,227.2370663000038,227.2348909000284,216.90950030175736,10.325390598271042,0.9999904267379842,0.9545607166339007,0.045439283366099266,0.07291798983996269,0.09053182904383601,2510,10,N/A,N/A,N/A,N/A,N/A,N/A,N/A,N/A,10,N/A,N/A,qaoa_warmstart,True,0.25
15,3,5,6,10,10,5,True,True,1.0,0,0,1.0,1.0,960.3921445999877,960.3896802000236,950.0119577987352,10.377722401288338,0.9999974339648883,0.9891942587313861,0.010805741268613939,0.3061600386399543,0.382625370597619,2510,10,N/A,N/A,N/A,N/A,N/A,N/A,N/A,N/A,10,N/A,N/A,qaoa_warmstart,True,0.25
17,3,3,5,6,6,3,True,True,1.0,0,0,1.0,1.0,380.368347700045,380.3661351999617,370.8038024005946,9.562332799367141,0.9999941832697262,0.9748601888694951,0.02513981113050493,0.12053864392002579,0.15154029290835128,2510,10,N/A,N/A,N/A,N/A,N/A,N/A,N/A,N/A,10,N/A,N/A,qaoa_warmstart,True,0.25
19,3,5,6,8,8,5,True,True,1.0,0,0,0.9,0.9375,949.8239676000085,949.8215352999978,939.3618650990538,10.459670200943947,0.9999974392096919,0.9889877521068836,0.01101224789311636,0.30237173408004453,0.37841495430278793,2510,10,N/A,N/A,N/A,N/A,N/A,N/A,N/A,N/A,10,N/A,N/A,qaoa_warmstart,True,0.25
20,4,6,7,11,11,6,True,True,1.0,0,0,0.8,0.9454545454545453,1842.6875831999932,1842.6850596999866,1830.4125457014306,12.27251399855595,0.9999986305329077,0.9933398743675959,0.006660125632404095,0.5849033444399713,0.7341374739840584,2510,10,N/A,N/A,N/A,N/A,N/A,N/A,N/A,N/A,10,N/A,N/A,qaoa_warmstart,True,0.25
1,2,3,4,5,5,3,True,True,1.0,0,0,1.0,1.0,222.16031710000243,222.15827809995972,211.43858840025496,10.719689699704759,0.9999908219430484,0.9517475117677971,0.04825248823220287,0.07095761651999782,0.08850927414341024,2510,10,N/A,N/A,N/A,N/A,N/A,N/A,N/A,N/A,10,N/A,N/A,qaoa,N/A,N/A
2,2,4,5,7,7,4,True,True,1.0,0,0,0.8,0.9142857142857143,500.9583966000355,500.9561038000393,491.8307608985342,9.125342901505064,0.9999954231728387,0.9817841466901309,0.018215853309869082,0.1600309032400837,0.19958410509961724,2510,10,N/A,N/A,N/A,N/A,N/A,N/A,N/A,N/A,10,N/A,N/A,qaoa,N/A,N/A
3,3,4,6,10,10,4,True,True,1.0,0,0,1.0,1.0,998.5824877999839,998.5800884000491,988.6285645005992,9.951523899449967,0.9999975971940585,0.9900343257240443,0.009965674275955728,0.31942608692001084,0.3978406726693423,2510,10,N/A,N/A,N/A,N/A,N/A,N/A,N/A,N/A,10,N/A,N/A,qaoa,N/A,N/A
4,3,3,5,5,5,3,True,True,1.0,0,0,1.0,1.0,440.3396339000319,440.33741749997716,431.11276430042926,9.224653199547902,0.9999949666123962,0.979050944042137,0.020949055957862995,0.14107852683998645,0.17543323406373593,2510,10,N/A,N/A,N/A,N/A,N/A,N/A,N/A,N/A,10,N/A,N/A,qaoa,N/A,N/A
5,3,5,6,22,22,5,True,True,1.0,0,0,0.8,0.9545454545454547,1042.9829112000298,1042.9805455001188,1033.114664999186,9.86588050093269,0.9999977317941784,0.9905406859758809,0.009459314024119127,0.3335075134799583,0.4155300978088122,2510,10,N/A,N/A,N/A,N/A,N/A,N/A,N/A,N/A,10,N/A,N/A,qaoa,N/A,N/A
6,3,5,6,13,13,5,True,True,1.0,0,0,0.8,0.9384615384615385,1082.3729598000064,1082.3705401998595,1072.3578033006634,10.01273689919617,0.9999977645412103,0.9907492521947731,0.00925074780522696,0.3459774222399807,0.43122332278878867,2510,10,N/A,N/A,N/A,N/A,N/A,N/A,N/A,N/A,10,N/A,N/A,qaoa,N/A,N/A
7,3,4,6,8,8,3,True,True,1.0,0,0,0.7,0.9625,1015.109072399966,1015.106713199988,1005.1527672994998,9.95394590048818,0.9999976759147937,0.9901941876937158,0.009805812306284231,0.32454121779999695,0.40442498533864063,2510,10,N/A,N/A,N/A,N/A,N/A,N/A,N/A,N/A,10,N/A,N/A,qaoa,N/A,N/A
10,3,5,6,9,9,5,True,True,1.0,0,0,0.8,0.9333333333333333,1042.0694801000063,1042.067061199923,1031.9708793985192,10.096181801403873,0.9999976787535482,0.9903113895666386,0.009688610433361444,0.33263489879998376,0.4151661598406068,2510,10,N/A,N/A,N/A,N/A,N/A,N/A,N/A,N/A,10,N/A,N/A,qaoa,N/A,N/A
11,4,4,7,6,6,4,True,True,1.0,0,0,1.0,1.0,1971.133935299993,1971.131443499995,1959.4464553004364,11.684988199558575,0.9999987358545488,0.994071938612673,0.005928061387327062,0.6288455333200517,0.7853113320717111,2510,10,N/A,N/A,N/A,N/A,N/A,N/A,N/A,N/A,10,N/A,N/A,qaoa,N/A,N/A
12,3,7,6,12,12,7,True,True,1.0,0,0,0.8,0.9666666666666668,1077.9254490000312,1077.923071400146,1068.0669072002056,9.856164199940395,0.9999977942817034,0.9908563380249966,0.009143661975003404,0.34244328415999187,0.42945142286858407,2510,10,N/A,N/A,N/A,N/A,N/A,N/A,N/A,N/A,10,N/A,N/A,qaoa,N/A,N/A
13,4,5,7,7,7,5,True,True,1.0,0,0,0.9,0.9857142857142858,2126.3853975000093,2126.3828815000597,2114.7128923010896,11.669989198970143,0.9999988167714317,0.9945118119128491,0.005488188087150858,0.6764636790000135,0.8471644946215378,2510,10,N/A,N/A,N/A,N/A,N/A,N/A,N/A,N/A,10,N/A,N/A,qaoa,N/A,N/A
14,2,3,4,6,6,3,True,True,1.0,0,0,0.8,0.8,261.11186490004184,261.1096530999057,250.5943476021057,10.5153054978,0.999991529300528,0.9597283923709375,0.0402716076290624,0.08362144091995433,0.10402775023900626,2510,10,N/A,N/A,N/A,N/A,N/A,N/A,N/A,N/A,10,N/A,N/A,qaoa,N/A,N/A
15,3,5,6,10,10,5,True,True,1.0,0,0,0.9,0.99,1060.4587347999914,1060.4563864000374,1050.5439141999232,9.91247220011428,0.9999977854867174,0.9906526356696626,0.009347364330337471,0.3383536822799826,0.42249258422312247,2510,10,N/A,N/A,N/A,N/A,N/A,N/A,N/A,N/A,10,N/A,N/A,qaoa,N/A,N/A
17,3,3,5,6,6,3,True,True,1.0,0,0,1.0,1.0,451.37446859997,451.37203509995015,442.0634141008486,9.30862099910155,0.999994608689261,0.9793770542363346,0.020622945763665405,0.14457464399992023,0.17982949605575704,2510,10,N/A,N/A,N/A,N/A,N/A,N/A,N/A,N/A,10,N/A,N/A,qaoa,N/A,N/A
19,3,5,6,8,8,5,True,True,1.0,0,0,0.9,0.9375,1083.359450799995,1083.3570758000715,1073.1428588007693,10.214216999302153,0.9999978077452301,0.990571698632458,0.009428301367542033,0.34707476523998193,0.43161636486058624,2510,10,N/A,N/A,N/A,N/A,N/A,N/A,N/A,N/A,10,N/A,N/A,qaoa,N/A,N/A
20,4,6,7,11,11,6,True,True,1.0,0,0,1.0,1.0,2149.623592899996,2149.6210200000205,2137.926950399822,11.694069600198418,0.9999988030927909,0.9945599389420753,0.005440061057924669,0.6837884944400284,0.8564227171314823,2510,10,N/A,N/A,N/A,N/A,N/A,N/A,N/A,N/A,10,N/A,N/A,qaoa,N/A,N/A
1,2,3,4,5,5,3,True,True,1.0,0,0,N/A,N/A,0.01533610001206398,N/A,N/A,N/A,N/A,N/A,N/A,N/A,N/A,N/A,N/A,0.37,1.0,1.0,0.61,5,0.0,0.0013267400034237653,100,10,10,100,sa,N/A,N/A
2,2,4,5,7,7,4,True,True,1.0,0,0,N/A,N/A,0.016489400004502386,N/A,N/A,N/A,N/A,N/A,N/A,N/A,N/A,N/A,N/A,0.44,1.0,1.0,0.6,7,0.0,0.0014315599924884736,100,10,10,100,sa,N/A,N/A
3,3,4,6,10,10,4,True,True,1.0,0,0,N/A,N/A,0.01844620000338182,N/A,N/A,N/A,N/A,N/A,N/A,N/A,N/A,N/A,N/A,0.26,1.0,1.0,0.72,10,0.0,0.001608440006384626,100,10,10,100,sa,N/A,N/A
4,3,3,5,5,5,3,True,True,1.0,0,0,N/A,N/A,0.01631380000617355,N/A,N/A,N/A,N/A,N/A,N/A,N/A,N/A,N/A,N/A,0.64,1.0,1.0,0.86,5,0.0,0.0014281999960076065,100,10,10,100,sa,N/A,N/A
5,3,5,6,22,22,5,True,True,1.0,0,0,N/A,N/A,0.01868139998987317,N/A,N/A,N/A,N/A,N/A,N/A,N/A,N/A,N/A,N/A,0.29,1.0,1.0,0.7163636363636364,22,0.0,0.0016400600085034966,100,10,10,100,sa,N/A,N/A
6,3,5,6,13,13,5,True,True,1.0,0,0,N/A,N/A,0.019350200018379837,N/A,N/A,N/A,N/A,N/A,N/A,N/A,N/A,N/A,N/A,0.35,1.0,0.98,0.6255886970172685,13,0.0,0.0017014099925290794,100,10,10,100,sa,N/A,N/A
7,3,4,6,8,8,3,True,True,1.0,0,0,N/A,N/A,0.01895280001917854,N/A,N/A,N/A,N/A,N/A,N/A,N/A,N/A,N/A,N/A,0.28,1.0,0.92,0.7214673913043478,8,0.0,0.0016662100155372173,100,10,10,100,sa,N/A,N/A
10,3,5,6,9,9,5,True,True,1.0,0,0,N/A,N/A,0.018400800006929785,N/A,N/A,N/A,N/A,N/A,N/A,N/A,N/A,N/A,N/A,0.25,0.9,0.95,0.6304093567251462,8.7,0.9,0.0016148099966812879,100,10,10,100,sa,N/A,N/A
11,4,4,7,6,6,4,True,True,1.0,0,0,N/A,N/A,0.020876800001133233,N/A,N/A,N/A,N/A,N/A,N/A,N/A,N/A,N/A,N/A,0.36,1.0,1.0,0.7466666666666667,6,0.0,0.0018307699996512384,100,10,10,100,sa,N/A,N/A
12,3,7,6,12,12,7,True,True,1.0,0,0,N/A,N/A,0.018279500014614314,N/A,N/A,N/A,N/A,N/A,N/A,N/A,N/A,N/A,N/A,0.16,0.8,0.94,0.6569148936170213,11.6,0.8,0.0016024099895730615,100,10,10,100,sa,N/A,N/A
13,4,5,7,7,7,5,True,True,1.0,0,0,N/A,N/A,0.02096599998185411,N/A,N/A,N/A,N/A,N/A,N/A,N/A,N/A,N/A,N/A,0.29,1.0,1.0,0.6657142857142857,7,0.0,0.001832589990226552,100,10,10,100,sa,N/A,N/A
14,2,3,4,6,6,3,True,True,1.0,0,0,N/A,N/A,0.013992999971378595,N/A,N/A,N/A,N/A,N/A,N/A,N/A,N/A,N/A,N/A,0.62,1.0,0.89,0.6966292134831461,6,0.0,0.0012237200106028467,100,10,10,100,sa,N/A,N/A
15,3,5,6,10,10,5,True,True,1.0,0,0,N/A,N/A,0.018089400022290647,N/A,N/A,N/A,N/A,N/A,N/A,N/A,N/A,N/A,N/A,0.31,1.0,1.0,0.712,10,0.0,0.0015806399984285235,100,10,10,100,sa,N/A,N/A
17,3,3,5,6,6,3,True,True,1.0,0,0,N/A,N/A,0.015888300025835633,N/A,N/A,N/A,N/A,N/A,N/A,N/A,N/A,N/A,N/A,0.66,1.0,1.0,0.8266666666666667,6,0.0,0.0013980300107505172,100,10,10,100,sa,N/A,N/A
19,3,5,6,8,8,5,True,True,1.0,0,0,N/A,N/A,0.018461300001945347,N/A,N/A,N/A,N/A,N/A,N/A,N/A,N/A,N/A,N/A,0.47,1.0,1.0,0.64875,8,0.0,0.0016228299937210977,100,10,10,100,sa,N/A,N/A
20,4,6,7,11,11,6,True,True,1.0,0,0,N/A,N/A,0.020359100017230958,N/A,N/A,N/A,N/A,N/A,N/A,N/A,N/A,N/A,N/A,0.27,0.9,0.97,0.6757263355201499,10.9,0.3,0.0017821800021920354,100,10,10,100,sa,N/A,N/A
1,2,3,4,5,5,3,True,True,1.0,0,0,0.8,0.9199999999999999,189.2086149000097,189.20662409992656,178.36501660000067,10.841607499925885,0.9999894782799177,0.9426996409269474,0.05730035907305263,0.06070677703998517,0.07538112513941297,2510,10,N/A,N/A,N/A,N/A,N/A,N/A,N/A,N/A,10,N/A,N/A,qaoa_warmstart,True,0.25
2,2,4,5,7,7,4,True,True,1.0,0,0,0.9,0.9571428571428571,454.334853999957,454.3326151999063,444.8291390003287,9.503476199577563,0.999995072356807,0.97908255784059,0.020917442159410094,0.1458089584400179,0.1810090100398033,2510,10,N/A,N/A,N/A,N/A,N/A,N/A,N/A,N/A,10,N/A,N/A,qaoa_warmstart,True,0.25
3,3,4,6,10,10,4,True,True,1.0,0,0,1.0,1.0,885.2665020000422,885.2641302998527,874.8954048999003,10.368725399952382,0.9999973209195376,0.988287421747857,0.011712578252143046,0.2826981589599745,0.3526948726294234,2510,10,N/A,N/A,N/A,N/A,N/A,N/A,N/A,N/A,10,N/A,N/A,qaoa_warmstart,True,0.25
4,3,3,5,5,5,3,True,True,1.0,0,0,1.0,1.0,386.2119479000103,386.20967379998183,376.7894044992863,9.420269300695509,0.9999941117822978,0.9756084066771091,0.024391593322890898,0.12392621083999984,0.15386839593624774,2510,10,N/A,N/A,N/A,N/A,N/A,N/A,N/A,N/A,10,N/A,N/A,qaoa_warmstart,True,0.25
5,3,5,6,22,22,5,True,True,1.0,0,0,0.9,0.9818181818181818,921.6412100999733,921.638927400054,911.2962784987176,10.34264890133636,0.9999975232228179,0.9887779817086144,0.011222018291385546,0.2937829423600342,0.36718682366536015,2510,10,N/A,N/A,N/A,N/A,N/A,N/A,N/A,N/A,10,N/A,N/A,qaoa_warmstart,True,0.25
6,3,5,6,13,13,5,True,True,1.0,0,0,0.8,0.9384615384615385,961.3816341999918,961.3791446001269,951.1195452995598,10.25959930056706,0.9999974103937745,0.9893282485290084,0.01067175147099161,0.3063004772799555,0.3830195795219629,2510,10,N/A,N/A,N/A,N/A,N/A,N/A,N/A,N/A,10,N/A,N/A,qaoa_warmstart,True,0.25
7,3,4,6,8,8,3,True,True,1.0,0,0,0.8,0.975,890.2011352999834,890.1988072000095,879.8682817998924,10.33052540011704,0.9999973847483656,0.9883952603434617,0.011604739656538297,0.2832940077600302,0.3546608793625536,2510,10,N/A,N/A,N/A,N/A,N/A,N/A,N/A,N/A,10,N/A,N/A,qaoa_warmstart,True,0.25
10,3,5,6,9,9,5,True,True,1.0,0,0,0.8,0.9333333333333333,924.3675315,924.3651998999412,914.0192832009052,10.345916699036025,0.9999974776266156,0.9888075441393122,0.011192455860687884,0.2942513128800085,0.3682729880079447,2510,10,N/A,N/A,N/A,N/A,N/A,N/A,N/A,N/A,10,N/A,N/A,qaoa_warmstart,True,0.25
11,4,4,7,6,6,4,True,True,1.0,0,0,1.0,1.0,1674.7390236000065,1674.736531600065,1662.4395754994475,12.296956100617535,0.9999985120070015,0.9926573787168368,0.007342621283163187,0.5335229216000764,0.6672257098008227,2510,10,N/A,N/A,N/A,N/A,N/A,N/A,N/A,N/A,10,N/A,N/A,qaoa_warmstart,True,0.25
12,3,7,6,12,12,7,True,True,1.0,0,0,1.0,1.0,1006.1576903999667,1006.1553648999543,995.8616305009928,10.293734398961533,0.9999976887320601,0.9897692396641099,0.01023076033589015,0.32245795787998943,0.40085871111551963,2510,10,N/A,N/A,N/A,N/A,N/A,N/A,N/A,N/A,10,N/A,N/A,qaoa_warmstart,True,0.25
13,4,5,7,7,7,5,True,True,1.0,0,0,0.8,0.9571428571428571,1853.788164699974,1853.7856916000019,1841.4146980999503,12.370993500051554,0.99999866592094,0.9933266323307447,0.006673367669255314,0.5910910961599788,0.7385600364940247,2510,10,N/A,N/A,N/A,N/A,N/A,N/A,N/A,N/A,10,N/A,N/A,qaoa_warmstart,True,0.25
14,2,3,4,6,6,3,True,True,1.0,0,0,1.0,1.0,229.35637339996174,229.3541727999691,218.70490129932296,10.649271500646137,0.9999904053244302,0.9535684423324886,0.046431557667511385,0.07374029284000862,0.09137616446213909,2510,10,N/A,N/A,N/A,N/A,N/A,N/A,N/A,N/A,10,N/A,N/A,qaoa_warmstart,True,0.25
15,3,5,6,10,10,5,True,True,1.0,0,0,0.8,0.9800000000000001,970.6460026999703,970.6436879999819,960.353726799658,10.289961200323887,0.9999976152995202,0.9893988274713593,0.010601172528640684,0.31046355379994495,0.3867106326693155,2510,10,N/A,N/A,N/A,N/A,N/A,N/A,N/A,N/A,10,N/A,N/A,qaoa_warmstart,True,0.25
17,3,3,5,6,6,3,True,True,1.0,0,0,1.0,1.0,405.8216750000138,405.81939309992595,396.3364566999371,9.48293639998883,0.9999943770867147,0.9766326189402835,0.02336738105971644,0.1307665156400297,0.16168103310754023,2510,10,N/A,N/A,N/A,N/A,N/A,N/A,N/A,N/A,10,N/A,N/A,qaoa_warmstart,True,0.25
19,3,5,6,8,8,5,True,True,1.0,0,0,1.0,1.0,950.7649002000107,950.7624600999989,940.3186001995928,10.443859900406096,0.9999974335400778,0.9890152794849435,0.010984720515056555,0.3028934817599831,0.3787898247410354,2510,10,N/A,N/A,N/A,N/A,N/A,N/A,N/A,N/A,10,N/A,N/A,qaoa_warmstart,True,0.25
20,4,6,7,11,11,6,True,True,1.0,0,0,0.7,0.9545454545454545,1844.5451886999654,1844.5426917999866,1832.2115984972334,12.331093302753288,0.9999986463329855,0.9933148235833349,0.0066851764166651305,0.5863395659999922,0.7348775664541779,2510,10,N/A,N/A,N/A,N/A,N/A,N/A,N/A,N/A,10,N/A,N/A,qaoa_warmstart,True,0.25
1,2,3,4,5,5,3,True,True,1.0,0,0,1.0,1.0,226.383732999966,226.38173759996425,215.95712809986435,10.424609500099905,0.9999911857624427,0.9539511905394017,0.04604880946059825,0.07263520419995766,0.09019192733066304,2510,10,N/A,N/A,N/A,N/A,N/A,N/A,N/A,N/A,10,N/A,N/A,qaoa,N/A,N/A
2,2,4,5,7,7,4,True,True,1.0,0,0,0.9,0.9,506.2384014999843,506.23620540002594,496.85797020001337,9.378235200012568,0.9999956619253856,0.9814745861714851,0.018525413828514938,0.16208135972004384,0.20168773123507008,2510,10,N/A,N/A,N/A,N/A,N/A,N/A,N/A,N/A,10,N/A,N/A,qaoa,N/A,N/A
3,3,4,6,10,10,4,True,True,1.0,0,0,0.8,0.9600000000000002,989.4706683999975,989.4683406001423,979.255632399465,10.212708200677298,0.9999976474291461,0.9896785902270678,0.010321409772932184,0.3157621567600174,0.39421049426300486,2510,10,N/A,N/A,N/A,N/A,N/A,N/A,N/A,N/A,10,N/A,N/A,qaoa,N/A,N/A
4,3,3,5,5,5,3,True,True,1.0,0,0,1.0,1.0,436.40575799997896,436.40352420002455,427.10195909970207,9.301565100322478,0.9999948813691996,0.9786858616291578,0.021314138370842135,0.13939484620005824,0.17386594589642412,2510,10,N/A,N/A,N/A,N/A,N/A,N/A,N/A,N/A,10,N/A,N/A,qaoa,N/A,N/A
5,3,5,6,22,22,5,True,True,1.0,0,0,0.7,0.9454545454545455,1035.7139203000115,1035.7115504000685,1025.6624942005728,10.04905619949568,0.9999977118199374,0.9902974373553969,0.009702562644603114,0.33041992999997455,0.4126340838247285,2510,10,N/A,N/A,N/A,N/A,N/A,N/A,N/A,N/A,10,N/A,N/A,qaoa,N/A,N/A
6,3,5,6,13,13,5,True,True,1.0,0,0,0.7,0.9,1074.7782427000348,1074.7758252000203,1064.57063350128,10.205191698740236,0.9999977506987783,0.9905048183449409,0.009495181655059097,0.343226785319997,0.42819753992032683,2510,10,N/A,N/A,N/A,N/A,N/A,N/A,N/A,N/A,10,N/A,N/A,qaoa,N/A,N/A
7,3,4,6,8,8,3,True,True,1.0,0,0,1.0,1.0,1016.6933522999752,1016.6909502000199,1006.6578380013234,10.033112198696472,0.9999976373407479,0.9901316007615465,0.00986839923845353,0.3250351102800341,0.40505615545817525,2510,10,N/A,N/A,N/A,N/A,N/A,N/A,N/A,N/A,10,N/A,N/A,qaoa,N/A,N/A
10,3,5,6,9,9,5,True,True,1.0,0,0,0.8,0.9333333333333332,1039.8301186999888,1039.827708799974,1029.6785935006337,10.149115299340338,0.999997682409875,0.9902396183392217,0.009760381660778254,0.33181794168001505,0.4142739875697108,2510,10,N/A,N/A,N/A,N/A,N/A,N/A,N/A,N/A,10,N/A,N/A,qaoa,N/A,N/A
11,4,4,7,6,6,4,True,True,1.0,0,0,1.0,1.0,2005.1939658999909,2005.1908941999427,1993.5643370993203,11.626557100622449,0.9999984681282208,0.9942017704477651,0.005798229552234908,0.6421193736400223,0.7988808343426067,2510,10,N/A,N/A,N/A,N/A,N/A,N/A,N/A,N/A,10,N/A,N/A,qaoa,N/A,N/A
12,3,7,6,12,12,7,True,True,1.0,0,0,0.9,0.9833333333333334,1088.4220196999959,1088.4196156999096,1078.240206000628,10.179409699281678,0.9999977912978213,0.9906475319330442,0.009352468066955772,0.347205784079968,0.43363331302785246,2510,10,N/A,N/A,N/A,N/A,N/A,N/A,N/A,N/A,10,N/A,N/A,qaoa,N/A,N/A
13,4,5,7,7,7,5,True,True,1.0,0,0,0.8,0.9714285714285715,2107.7076757000177,2107.7050456000143,2096.144873000623,11.56017259939108,0.9999987521514326,0.9945152797240184,0.005484720275981581,0.6696529494799673,0.8397231257370574,2510,10,N/A,N/A,N/A,N/A,N/A,N/A,N/A,N/A,10,N/A,N/A,qaoa,N/A,N/A
14,2,3,4,6,6,3,True,True,1.0,0,0,1.0,1.0,258.45050320000155,258.4482788000605,248.41130380152026,10.036974998540245,0.9999913933232341,0.9611644734291112,0.03883552657088887,0.08258872048000339,0.10296744175301216,2510,10,N/A,N/A,N/A,N/A,N/A,N/A,N/A,N/A,10,N/A,N/A,qaoa,N/A,N/A
15,3,5,6,10,10,5,True,True,1.0,0,0,0.8,0.9800000000000001,1074.6267229999648,1074.624383599963,1064.4900257997797,10.134357800183352,0.9999978230580426,0.9905693952651311,0.00943060473486887,0.34345499852001665,0.42813720462149923,2510,10,N/A,N/A,N/A,N/A,N/A,N/A,N/A,N/A,10,N/A,N/A,qaoa,N/A,N/A
17,3,3,5,6,6,3,True,True,1.0,0,0,0.9,0.9666666666666668,444.37761199998204,444.3752924000728,434.98867400101153,9.386618399061263,0.9999947801152744,0.9788768220024923,0.021123177997507687,0.1418043742800597,0.17704194916337562,2510,10,N/A,N/A,N/A,N/A,N/A,N/A,N/A,N/A,10,N/A,N/A,qaoa,N/A,N/A
19,3,5,6,8,8,5,True,True,1.0,0,0,1.0,1.0,1073.4618146999856,1073.459338399989,1063.2561596999294,10.203178700059652,0.9999976931643375,0.9904950487316383,0.009504951268361667,0.34317213576005307,0.42767304318724664,2510,10,N/A,N/A,N/A,N/A,N/A,N/A,N/A,N/A,10,N/A,N/A,qaoa,N/A,N/A
20,4,6,7,11,11,6,True,True,1.0,0,0,0.8,0.9818181818181818,2207.7386834000354,2207.7361266001244,2196.1009104995173,11.635216100607067,0.9999988418919639,0.9947297976599563,0.005270202340043735,0.7074506899199914,0.8795761460558265,2510,10,N/A,N/A,N/A,N/A,N/A,N/A,N/A,N/A,10,N/A,N/A,qaoa,N/A,N/A
1,2,3,4,5,5,3,True,True,1.0,0,0,N/A,N/A,0.015076500014401972,N/A,N/A,N/A,N/A,N/A,N/A,N/A,N/A,N/A,N/A,0.4,1.0,1.0,0.628,5,0.0,0.001307970000198111,100,10,10,100,sa,N/A,N/A
2,2,4,5,7,7,4,True,True,1.0,0,0,N/A,N/A,0.015944699989631772,N/A,N/A,N/A,N/A,N/A,N/A,N/A,N/A,N/A,N/A,0.26,1.0,1.0,0.5114285714285715,7,0.0,0.0013825399975758046,100,10,10,100,sa,N/A,N/A
3,3,4,6,10,10,4,True,True,1.0,0,0,N/A,N/A,0.018625700031407177,N/A,N/A,N/A,N/A,N/A,N/A,N/A,N/A,N/A,N/A,0.33,1.0,0.99,0.7292929292929293,10,0.0,0.0016295899986289442,100,10,10,100,sa,N/A,N/A
4,3,3,5,5,5,3,True,True,1.0,0,0,N/A,N/A,0.016140899970196187,N/A,N/A,N/A,N/A,N/A,N/A,N/A,N/A,N/A,N/A,0.64,1.0,1.0,0.844,5,0.0,0.0014119300001766532,100,10,10,100,sa,N/A,N/A
5,3,5,6,22,22,5,True,True,1.0,0,0,N/A,N/A,0.01839420001488179,N/A,N/A,N/A,N/A,N/A,N/A,N/A,N/A,N/A,N/A,0.37,1.0,1.0,0.7518181818181818,22,0.0,0.0016075299994554372,100,10,10,100,sa,N/A,N/A
6,3,5,6,13,13,5,True,True,1.0,0,0,N/A,N/A,0.01957639999454841,N/A,N/A,N/A,N/A,N/A,N/A,N/A,N/A,N/A,N/A,0.19,1.0,0.98,0.5596546310832026,13,0.0,0.0016845100035425276,100,10,10,100,sa,N/A,N/A
7,3,4,6,8,8,3,True,True,1.0,0,0,N/A,N/A,0.019032299984246492,N/A,N/A,N/A,N/A,N/A,N/A,N/A,N/A,N/A,N/A,0.31,1.0,0.95,0.6868421052631579,8,0.0,0.0016737200028728693,100,10,10,100,sa,N/A,N/A
10,3,5,6,9,9,5,True,True,1.0,0,0,N/A,N/A,0.018538700009230524,N/A,N/A,N/A,N/A,N/A,N/A,N/A,N/A,N/A,N/A,0.29,0.9,0.95,0.632748538011696,8.7,0.9,0.0016276400012429804,100,10,10,100,sa,N/A,N/A
11,4,4,7,6,6,4,True,True,1.0,0,0,N/A,N/A,0.021185100020375103,N/A,N/A,N/A,N/A,N/A,N/A,N/A,N/A,N/A,N/A,0.37,1.0,1.0,0.7333333333333333,6,0.0,0.0018634899926837534,100,10,10,100,sa,N/A,N/A
12,3,7,6,12,12,7,True,True,1.0,0,0,N/A,N/A,0.018489999987650663,N/A,N/A,N/A,N/A,N/A,N/A,N/A,N/A,N/A,N/A,0.18,1.0,0.95,0.6596491228070176,12,0.0,0.0016231399960815907,100,10,10,100,sa,N/A,N/A
13,4,5,7,7,7,5,True,True,1.0,0,0,N/A,N/A,0.02104780002264306,N/A,N/A,N/A,N/A,N/A,N/A,N/A,N/A,N/A,N/A,0.34,1.0,0.98,0.7215743440233237,7,0.0,0.0018465900095179677,100,10,10,100,sa,N/A,N/A
14,2,3,4,6,6,3,True,True,1.0,0,0,N/A,N/A,0.013937200012151152,N/A,N/A,N/A,N/A,N/A,N/A,N/A,N/A,N/A,N/A,0.48,1.0,0.85,0.5647058823529412,6,0.0,0.001222460001008585,100,10,10,100,sa,N/A,N/A
15,3,5,6,10,10,5,True,True,1.0,0,0,N/A,N/A,0.018637700006365776,N/A,N/A,N/A,N/A,N/A,N/A,N/A,N/A,N/A,N/A,0.18,0.8,0.98,0.5989795918367347,9.8,0.4,0.0016365300107281655,100,10,10,100,sa,N/A,N/A
17,3,3,5,6,6,3,True,True,1.0,0,0,N/A,N/A,0.016474900010507554,N/A,N/A,N/A,N/A,N/A,N/A,N/A,N/A,N/A,N/A,0.65,1.0,1.0,0.8233333333333334,6,0.0,0.0014518999960273504,100,10,10,100,sa,N/A,N/A
19,3,5,6,8,8,5,True,True,1.0,0,0,N/A,N/A,0.018763899977784604,N/A,N/A,N/A,N/A,N/A,N/A,N/A,N/A,N/A,N/A,0.47,1.0,1.0,0.65375,8,0.0,0.0016563499986659736,100,10,10,100,sa,N/A,N/A
20,4,6,7,11,11,6,True,True,1.0,0,0,N/A,N/A,0.020747600006870925,N/A,N/A,N/A,N/A,N/A,N/A,N/A,N/A,N/A,N/A,0.33,1.0,0.98,0.7077922077922078,11,0.0,0.0018191999930422752,100,10,10,100,sa,N/A,N/A
1,2,3,4,5,5,3,True,True,1.0,0,0,1.0,1.0,189.05791090003913,189.05591340002138,178.8969444000977,10.158968999923673,0.9999894344541932,0.9462647382077469,0.05373526179225306,0.060593521640007385,0.07532108103586509,2510,10,N/A,N/A,N/A,N/A,N/A,N/A,N/A,N/A,10,N/A,N/A,qaoa_warmstart,True,0.25
2,2,4,5,7,7,4,True,True,1.0,0,0,0.9,0.9571428571428571,453.66612990002614,453.66392680001445,444.19049650017405,9.473430299840402,0.9999951437855584,0.9791179555168456,0.020882044483154397,0.1453263962800149,0.18074260031873085,2510,10,N/A,N/A,N/A,N/A,N/A,N/A,N/A,N/A,10,N/A,N/A,qaoa_warmstart,True,0.25
3,3,4,6,10,10,4,True,True,1.0,0,0,1.0,1.0,873.0133981000399,873.0110778998933,862.6584496015566,10.35262829833664,0.9999973423086613,0.988141469724255,0.011858530275744976,0.27729400503998625,0.3478131784461726,2510,10,N/A,N/A,N/A,N/A,N/A,N/A,N/A,N/A,10,N/A,N/A,qaoa_warmstart,True,0.25
4,3,3,5,5,5,3,True,True,1.0,0,0,1.0,1.0,386.50754620000953,386.5052618000773,376.99100930040004,9.51425249967724,0.9999940896369173,0.9753838991599587,0.024616100840041236,0.12400035651992075,0.15398616007971205,2510,10,N/A,N/A,N/A,N/A,N/A,N/A,N/A,N/A,10,N/A,N/A,qaoa_warmstart,True,0.25
5,3,5,6,22,22,5,True,True,1.0,0,0,0.9,0.9818181818181818,916.253373900021,916.25108310004,905.8601537992945,10.390929300745483,0.9999974998182313,0.988659299298628,0.011340700701372006,0.2910584611599799,0.3650402721514103,2510,10,N/A,N/A,N/A,N/A,N/A,N/A,N/A,N/A,10,N/A,N/A,qaoa_warmstart,True,0.25
6,3,5,6,13,13,5,True,True,1.0,0,0,0.9,0.9692307692307693,972.926767099998,972.9242384999525,962.5087654997478,10.415473000204656,0.9999974010376412,0.9892946720946503,0.010705327905349709,0.3109168868399691,0.3876192185258775,2510,10,N/A,N/A,N/A,N/A,N/A,N/A,N/A,N/A,10,N/A,N/A,qaoa_warmstart,True,0.25
7,3,4,6,8,8,3,True,True,1.0,0,0,0.8,0.975,905.2500484000193,905.2476880999166,894.7932186003891,10.454469499527477,0.9999973926539889,0.9884512607577369,0.011548739242263125,0.28888343988000414,0.3606564494421978,2510,10,N/A,N/A,N/A,N/A,N/A,N/A,N/A,N/A,10,N/A,N/A,qaoa_warmstart,True,0.25
10,3,5,6,9,9,5,True,True,1.0,0,0,0.8,0.9333333333333332,950.0240959000075,950.0217575998977,939.614986101049,10.406771498848684,0.9999975386938922,0.9890457545676217,0.010954245432378301,0.30431657051995864,0.37849472414338553,2510,10,N/A,N/A,N/A,N/A,N/A,N/A,N/A,N/A,10,N/A,N/A,qaoa_warmstart,True,0.25
11,4,4,7,6,6,4,True,True,1.0,0,0,1.0,1.0,1678.5914142000256,1678.5889451999683,1666.7968268989935,11.792118300974835,0.9999985291238616,0.9929749815553741,0.007025018444625854,0.5347816297200043,0.6687605359362423,2510,10,N/A,N/A,N/A,N/A,N/A,N/A,N/A,N/A,10,N/A,N/A,qaoa_warmstart,True,0.25
12,3,7,6,12,12,7,True,True,1.0,0,0,0.7,0.9500000000000002,972.5489956000238,972.54662619991,962.3175717999693,10.229054399940651,0.999997563721597,0.9894821964064496,0.010517803593550317,0.3089087158799637,0.3874687753784502,2510,10,N/A,N/A,N/A,N/A,N/A,N/A,N/A,N/A,10,N/A,N/A,qaoa_warmstart,True,0.25
13,4,5,7,7,7,5,True,True,1.0,0,0,1.0,1.0,1813.0373045000015,1813.0348643999896,1801.3860257004271,11.648838699562475,0.9999986541368974,0.9935749505272655,0.006425049472734531,0.5739417986400658,0.7223246471713106,2510,10,N/A,N/A,N/A,N/A,N/A,N/A,N/A,N/A,10,N/A,N/A,qaoa_warmstart,True,0.25
14,2,3,4,6,6,3,True,True,1.0,0,0,0.9,0.9,225.69437859999016,225.69225839996943,215.45645050058374,10.23580789938569,0.9999906058802445,0.9546470580251544,0.04535294197484568,0.07227620616001076,0.08991723442229858,2510,10,N/A,N/A,N/A,N/A,N/A,N/A,N/A,N/A,10,N/A,N/A,qaoa_warmstart,True,0.25
15,3,5,6,10,10,5,True,True,1.0,0,0,0.9,0.99,961.6566217000363,961.6543115999084,951.2099038006272,10.44440779928118,0.9999975977910661,0.9891391244511712,0.01086087554882874,0.30641719436002895,0.38312920780872844,2510,10,N/A,N/A,N/A,N/A,N/A,N/A,N/A,N/A,10,N/A,N/A,qaoa_warmstart,True,0.25
17,3,3,5,6,6,3,True,True,1.0,0,0,1.0,1.0,393.4355079999659,393.43331159983063,384.02100009977585,9.412311500054784,0.9999944173820343,0.9760764754215112,0.023923524578488783,0.12600013360006268,0.15674633928280104,2510,10,N/A,N/A,N/A,N/A,N/A,N/A,N/A,N/A,10,N/A,N/A,qaoa_warmstart,True,0.25
19,3,5,6,8,8,5,True,True,1.0,0,0,0.9,0.9625,958.1620974999969,958.1597366000642,947.6881096992875,10.471626900776755,0.9999975360119766,0.9890711052648337,0.010928894735166284,0.30548550784001127,0.3817369468526152,2510,10,N/A,N/A,N/A,N/A,N/A,N/A,N/A,N/A,10,N/A,N/A,qaoa_warmstart,True,0.25
20,4,6,7,11,11,6,True,True,1.0,0,0,0.8,0.9636363636363635,1920.8446948000346,1920.8422110000974,1909.1096647009254,11.7325462991721,0.9999987069230823,0.9938919780958668,0.006108021904133126,0.6158361236799741,0.7652757812749392,2510,10,N/A,N/A,N/A,N/A,N/A,N/A,N/A,N/A,10,N/A,N/A,qaoa_warmstart,True,0.25
1,2,3,4,5,5,3,True,True,1.0,0,0,1.0,1.0,222.83366939995904,222.83160699997097,212.68591149995336,10.14569550001761,0.9999907446662185,0.9544692261721249,0.045530773827875015,0.07121766980004031,0.08877753266931114,2510,10,N/A,N/A,N/A,N/A,N/A,N/A,N/A,N/A,10,N/A,N/A,qaoa,N/A,N/A
2,2,4,5,7,7,4,True,True,1.0,0,0,1.0,1.0,500.60078360000625,500.59858700010227,491.32985920010833,9.26872779999394,0.9999956120725817,0.9814847104232997,0.018515289576700397,0.15980537876000162,0.19944166812753078,2510,10,N/A,N/A,N/A,N/A,N/A,N/A,N/A,N/A,10,N/A,N/A,qaoa,N/A,N/A
3,3,4,6,10,10,4,True,True,1.0,0,0,0.8,0.96,1003.3000225000433,1003.2976079999935,993.1430674998555,10.154540500137955,0.999997593441647,0.9898788351340931,0.010121164865906888,0.32096467540001034,0.3997201625497982,2510,10,N/A,N/A,N/A,N/A,N/A,N/A,N/A,N/A,10,N/A,N/A,qaoa,N/A,N/A
4,3,3,5,5,5,3,True,True,1.0,0,0,1.0,1.0,440.295258499973,440.2929876000853,430.8648308001575,9.42815679992782,0.9999948423249085,0.9785866296637653,0.0214133703362347,0.1409659327200148,0.17541553290840053,2510,10,N/A,N/A,N/A,N/A,N/A,N/A,N/A,N/A,10,N/A,N/A,qaoa,N/A,N/A
5,3,5,6,22,22,5,True,True,1.0,0,0,0.9,0.9818181818181818,1052.1157089000335,1052.1133583001792,1041.838279299438,10.275079000741243,0.9999977658352267,0.9902338669881143,0.009766133011885638,0.33706571423995774,0.41916866864548974,2510,10,N/A,N/A,N/A,N/A,N/A,N/A,N/A,N/A,10,N/A,N/A,qaoa,N/A,N/A
6,3,5,6,13,13,5,True,True,1.0,0,0,0.6,0.876923076923077,1077.8802897999994,1077.8779089001473,1067.6712756995694,10.206633200577926,0.9999977911277582,0.9905308076951009,0.009469192304899024,0.3442063512800494,0.42943342984069616,2510,10,N/A,N/A,N/A,N/A,N/A,N/A,N/A,N/A,10,N/A,N/A,qaoa,N/A,N/A
7,3,4,6,8,8,3,True,True,1.0,0,0,0.9,0.9875,1027.7017406999948,1027.699343699962,1017.5412599002011,10.158083799760789,0.9999976676111969,0.9901157046931749,0.009884295306825119,0.3293241805200465,0.40944196960157847,2510,10,N/A,N/A,N/A,N/A,N/A,N/A,N/A,N/A,10,N/A,N/A,qaoa,N/A,N/A
10,3,5,6,9,9,5,True,True,1.0,0,0,1.0,1.0,1043.047821199987,1043.0453093000106,1032.8364615004975,10.208847799513023,0.999997591769116,0.9902124598917336,0.009787540108266437,0.3334097028799588,0.41555590011952614,2510,10,N/A,N/A,N/A,N/A,N/A,N/A,N/A,N/A,10,N/A,N/A,qaoa,N/A,N/A
11,4,4,7,6,6,4,True,True,1.0,0,0,0.9,0.9833333333333334,1994.3854529000237,1994.3829371000174,1982.8817369004246,11.501200199592859,0.9999987385587863,0.9942332036713488,0.00576679632865114,0.6378062377999769,0.7945748753386523,2510,10,N/A,N/A,N/A,N/A,N/A,N/A,N/A,N/A,10,N/A,N/A,qaoa,N/A,N/A
12,3,7,6,12,12,7,True,True,1.0,0,0,0.8,0.9416666666666668,1119.873266300012,1119.870786299929,1109.7820009996067,10.088785300322343,0.9999977854636256,0.990991116632611,0.009008883367389064,0.3587998037999729,0.4461636598804498,2510,10,N/A,N/A,N/A,N/A,N/A,N/A,N/A,N/A,10,N/A,N/A,qaoa,N/A,N/A
13,4,5,7,7,7,5,True,True,1.0,0,0,1.0,1.0,2159.798985600006,2159.7962980000884,2148.224062698602,11.572235301486216,0.9999987556249746,0.994641978360551,0.005358021639448955,0.68957965471996,0.8604766127490392,2510,10,N/A,N/A,N/A,N/A,N/A,N/A,N/A,N/A,10,N/A,N/A,qaoa,N/A,N/A
14,2,3,4,6,6,3,True,True,1.0,0,0,0.9,0.9,262.5904398999992,262.58828789996915,252.42965800024103,10.158629899728112,0.9999918047281887,0.9613134691536663,0.03868653084633371,0.0842454926399514,0.10461684776891202,2510,10,N/A,N/A,N/A,N/A,N/A,N/A,N/A,N/A,10,N/A,N/A,qaoa,N/A,N/A
15,3,5,6,10,10,5,True,True,1.0,0,0,0.9,0.99,1041.7135795999784,1041.711173500109,1031.6067229995388,10.104450500570238,0.9999976902481483,0.9903001419610201,0.009699858038979919,0.32985293895998036,0.415024371912394,2510,10,N/A,N/A,N/A,N/A,N/A,N/A,N/A,N/A,10,N/A,N/A,qaoa,N/A,N/A
17,3,3,5,6,6,3,True,True,1.0,0,0,1.0,1.0,442.02864630002296,442.0263229997945,432.6372729000286,9.389050099765882,0.9999947440052859,0.9787590701928169,0.021240929807183104,0.14083287224005908,0.1761061047807946,2510,10,N/A,N/A,N/A,N/A,N/A,N/A,N/A,N/A,10,N/A,N/A,qaoa,N/A,N/A
19,3,5,6,8,8,5,True,True,1.0,0,0,1.0,1.0,1067.0943051999784,1067.0918950000196,1057.0104372001952,10.08145779982442,0.9999977413430593,0.9905523996133208,0.009447600386679196,0.3401973708000034,0.4251362131474182,2510,10,N/A,N/A,N/A,N/A,N/A,N/A,N/A,N/A,10,N/A,N/A,qaoa,N/A,N/A
20,4,6,7,11,11,6,True,True,1.0,0,0,0.9,0.990909090909091,2135.8224079000065,2135.8198345001438,2124.2264355997904,11.59339890035335,0.9999987951246072,0.9945719209490034,0.005428079050996644,0.6783281651599798,0.850924236852647,2510,10,N/A,N/A,N/A,N/A,N/A,N/A,N/A,N/A,10,N/A,N/A,qaoa,N/A,N/A
1,2,3,4,5,5,3,True,True,1.0,0,0,N/A,N/A,0.01538200001232326,N/A,N/A,N/A,N/A,N/A,N/A,N/A,N/A,N/A,N/A,0.5,1.0,1.0,0.728,5,0.0,0.0013280199957080186,100,10,10,100,sa,N/A,N/A
2,2,4,5,7,7,4,True,True,1.0,0,0,N/A,N/A,0.016590300016105175,N/A,N/A,N/A,N/A,N/A,N/A,N/A,N/A,N/A,N/A,0.32,1.0,1.0,0.5485714285714286,7,0.0,0.0014388899900950492,100,10,10,100,sa,N/A,N/A
3,3,4,6,10,10,4,True,True,1.0,0,0,N/A,N/A,0.018693100020755082,N/A,N/A,N/A,N/A,N/A,N/A,N/A,N/A,N/A,N/A,0.24,1.0,0.99,0.6909090909090909,10,0.0,0.001632689987309277,100,10,10,100,sa,N/A,N/A
4,3,3,5,5,5,3,True,True,1.0,0,0,N/A,N/A,0.016433399985544384,N/A,N/A,N/A,N/A,N/A,N/A,N/A,N/A,N/A,N/A,0.63,1.0,1.0,0.852,5,0.0,0.0014394799945876002,100,10,10,100,sa,N/A,N/A
5,3,5,6,22,22,5,True,True,1.0,0,0,N/A,N/A,0.018288600025698543,N/A,N/A,N/A,N/A,N/A,N/A,N/A,N/A,N/A,N/A,0.21,0.8,1.0,0.6536363636363637,21.2,1.6,0.0016008600068744272,100,10,10,100,sa,N/A,N/A
6,3,5,6,13,13,5,True,True,1.0,0,0,N/A,N/A,0.019218600005842745,N/A,N/A,N/A,N/A,N/A,N/A,N/A,N/A,N/A,N/A,0.24,0.9,0.98,0.6334379905808477,12.6,1.2,0.0016703899949789048,100,10,10,100,sa,N/A,N/A
7,3,4,6,8,8,3,True,True,1.0,0,0,N/A,N/A,0.018962800037115812,N/A,N/A,N/A,N/A,N/A,N/A,N/A,N/A,N/A,N/A,0.3,1.0,0.91,0.7266483516483516,8,0.0,0.0016664999944623559,100,10,10,100,sa,N/A,N/A
10,3,5,6,9,9,5,True,True,1.0,0,0,N/A,N/A,0.01833029999397695,N/A,N/A,N/A,N/A,N/A,N/A,N/A,N/A,N/A,N/A,0.31,1.0,1.0,0.5966666666666667,9,0.0,0.0016069600125774742,100,10,10,100,sa,N/A,N/A
11,4,4,7,6,6,4,True,True,1.0,0,0,N/A,N/A,0.020798199984710664,N/A,N/A,N/A,N/A,N/A,N/A,N/A,N/A,N/A,N/A,0.3,1.0,1.0,0.69,6,0.0,0.0018244899925775825,100,10,10,100,sa,N/A,N/A
12,3,7,6,12,12,7,True,True,1.0,0,0,N/A,N/A,0.01789489999646321,N/A,N/A,N/A,N/A,N/A,N/A,N/A,N/A,N/A,N/A,0.16,0.8,0.93,0.6290322580645161,11.6,0.8,0.0015656100062187762,100,10,10,100,sa,N/A,N/A
13,4,5,7,7,7,5,True,True,1.0,0,0,N/A,N/A,0.02016759995603934,N/A,N/A,N/A,N/A,N/A,N/A,N/A,N/A,N/A,N/A,0.37,1.0,1.0,0.72,7,0.0,0.0017687299929093569,100,10,10,100,sa,N/A,N/A
14,2,3,4,6,6,3,True,True,1.0,0,0,N/A,N/A,0.013881799997761846,N/A,N/A,N/A,N/A,N/A,N/A,N/A,N/A,N/A,N/A,0.41,1.0,0.82,0.5,6,0.0,0.001219799992395565,100,10,10,100,sa,N/A,N/A
15,3,5,6,10,10,5,True,True,1.0,0,0,N/A,N/A,0.018466400040779263,N/A,N/A,N/A,N/A,N/A,N/A,N/A,N/A,N/A,N/A,0.3,1.0,0.99,0.6454545454545455,10,0.0,0.0016244500002358109,100,10,10,100,sa,N/A,N/A
17,3,3,5,6,6,3,True,True,1.0,0,0,N/A,N/A,0.016502799990121275,N/A,N/A,N/A,N/A,N/A,N/A,N/A,N/A,N/A,N/A,0.69,1.0,0.99,0.8451178451178452,6,0.0,0.001447990001179278,100,10,10,100,sa,N/A,N/A
19,3,5,6,8,8,5,True,True,1.0,0,0,N/A,N/A,0.018676800013054162,N/A,N/A,N/A,N/A,N/A,N/A,N/A,N/A,N/A,N/A,0.48,1.0,1.0,0.64375,8,0.0,0.001642649999121204,100,10,10,100,sa,N/A,N/A
20,4,6,7,11,11,6,True,True,1.0,0,0,N/A,N/A,0.02050230000168085,N/A,N/A,N/A,N/A,N/A,N/A,N/A,N/A,N/A,N/A,0.32,0.9,1.0,0.6481818181818182,10.9,0.3,0.0017958899901714177,100,10,10,100,sa,N/A,N/A
1,2,3,4,5,5,3,True,True,1.0,0,0,1.0,1.0,183.8263723999844,183.82434719998855,172.7546563007054,11.06969089928316,0.9999889830824087,0.9397811494075914,0.060218850592408626,0.0585578540000366,0.07323679171314285,2510,10,N/A,N/A,N/A,N/A,N/A,N/A,N/A,N/A,10,N/A,N/A,qaoa_warmstart,True,0.25
2,2,4,5,7,7,4,True,True,1.0,0,0,0.8,0.9142857142857143,439.44505129999015,439.44285499997204,430.04634109989274,9.396513900079299,0.99999500210547,0.9786172108769867,0.02138278912301327,0.1397849939200096,0.17507683466134344,2510,10,N/A,N/A,N/A,N/A,N/A,N/A,N/A,N/A,10,N/A,N/A,qaoa_warmstart,True,0.25
3,3,4,6,10,10,4,True,True,1.0,0,0,0.6,0.9199999999999999,909.7649605000042,909.7626091000857,899.3725516000995,10.390057499986142,0.9999974153764757,0.988579375107245,0.011420624892754964,0.292487894519954,0.36245522274903813,2510,10,N/A,N/A,N/A,N/A,N/A,N/A,N/A,N/A,10,N/A,N/A,qaoa_warmstart,True,0.25
4,3,3,5,5,5,3,True,True,1.0,0,0,1.0,1.0,382.6830345999915,382.68078439997043,373.06706090044463,9.613723499525804,0.999994119937866,0.9748779560107786,0.02512204398922139,0.12232108460001181,0.15246246390437068,2510,10,N/A,N/A,N/A,N/A,N/A,N/A,N/A,N/A,10,N/A,N/A,qaoa_warmstart,True,0.25
5,3,5,6,22,22,5,True,True,1.0,0,0,0.8,0.9545454545454547,923.5878522000276,923.5855267998413,913.3454196997336,10.240107100107707,0.9999974822100781,0.988912659626024,0.011087340373975928,0.2938570873199729,0.36796236127483717,2510,10,N/A,N/A,N/A,N/A,N/A,N/A,N/A,N/A,10,N/A,N/A,qaoa_warmstart,True,0.25
6,3,5,6,13,13,5,True,True,1.0,0,0,0.8,0.9384615384615385,987.4304304000107,987.428021400061,977.1564426989062,10.271578701154795,0.999997560334505,0.9895976430903887,0.010402356909611356,0.3165203715200536,0.3933976180876737,2510,10,N/A,N/A,N/A,N/A,N/A,N/A,N/A,N/A,10,N/A,N/A,qaoa_warmstart,True,0.25
7,3,4,6,8,8,3,True,True,1.0,0,0,0.6,0.95,889.6415095000411,889.6391608999693,879.2081650015898,10.430995898379479,0.9999973600601515,0.988275026148998,0.011724973851001975,0.28308851735994683,0.3544379127091511,2510,10,N/A,N/A,N/A,N/A,N/A,N/A,N/A,N/A,10,N/A,N/A,qaoa_warmstart,True,0.25
10,3,5,6,9,9,5,True,True,1.0,0,0,1.0,1.0,936.5056211000192,936.5032629000489,926.2177321985364,10.28553070151247,0.9999974819158399,0.9890170903733304,0.010982909626669635,0.29914279239999597,0.37310886968129436,2510,10,N/A,N/A,N/A,N/A,N/A,N/A,N/A,N/A,10,N/A,N/A,qaoa_warmstart,True,0.25
11,4,4,7,6,6,4,True,True,1.0,0,0,1.0,1.0,1646.4445759000373,1646.4415384001913,1634.0393758002901,12.402162599901203,0.999998155115641,0.9924672924542756,0.007532707545724395,0.5224559929599986,0.6559528041435025,2510,10,N/A,N/A,N/A,N/A,N/A,N/A,N/A,N/A,10,N/A,N/A,qaoa_warmstart,True,0.25
12,3,7,6,12,12,7,True,True,1.0,0,0,0.8,0.9666666666666666,996.6725637000054,996.6701594002079,986.4362613003468,10.233898099861108,0.9999975876733392,0.9897319107998379,0.010268089200162095,0.31862191631998865,0.3970797447809593,2510,10,N/A,N/A,N/A,N/A,N/A,N/A,N/A,N/A,10,N/A,N/A,qaoa_warmstart,True,0.25
13,4,5,7,7,7,5,True,True,1.0,0,0,1.0,1.0,1903.8818515000166,1903.8793586999527,1891.5812268001027,12.298131899849977,0.9999986906750217,0.9935404878236362,0.006459512176363764,0.6108472791200038,0.7585176727888258,2510,10,N/A,N/A,N/A,N/A,N/A,N/A,N/A,N/A,10,N/A,N/A,qaoa_warmstart,True,0.25
14,2,3,4,6,6,3,True,True,1.0,0,0,0.8,0.8,225.8986252999748,225.8964493998792,214.88315500033787,11.013294399541337,0.9999903678028464,0.9512462704535664,0.048753729546433616,0.0723081661199918,0.08999858541827857,2510,10,N/A,N/A,N/A,N/A,N/A,N/A,N/A,N/A,10,N/A,N/A,qaoa_warmstart,True,0.25
15,3,5,6,10,10,5,True,True,1.0,0,0,0.8,0.9800000000000001,972.5666854999727,972.5643214000156,962.2203433001414,10.34397809987422,0.9999975692155691,0.9893642221164519,0.010635777883548067,0.31111805975998286,0.38747582525897034,2510,10,N/A,N/A,N/A,N/A,N/A,N/A,N/A,N/A,10,N/A,N/A,qaoa_warmstart,True,0.25
17,3,3,5,6,6,3,True,True,1.0,0,0,1.0,1.0,384.32045930001186,384.3182260999456,374.7952663998585,9.522959700087085,0.9999941892240909,0.9752211603474394,0.024778839652560607,0.12222536332004239,0.1531148311155162,2510,10,N/A,N/A,N/A,N/A,N/A,N/A,N/A,N/A,10,N/A,N/A,qaoa_warmstart,True,0.25
19,3,5,6,8,8,5,True,True,1.0,0,0,0.9,0.9375,971.206553099968,971.2041495000594,960.8390582008869,10.36509129917249,0.9999975251403516,0.9893275875061818,0.010672412493818176,0.3105256113199983,0.38693392410360933,2510,10,N/A,N/A,N/A,N/A,N/A,N/A,N/A,N/A,10,N/A,N/A,qaoa_warmstart,True,0.25
20,4,6,7,11,11,6,True,True,1.0,0,0,0.9,0.990909090909091,1934.3494936000207,1934.3469212999917,1921.8972074002377,12.449713899753988,0.9999986701989286,0.9935638670795479,0.006436132920452071,0.6209928450399544,0.7706561439442198,2510,10,N/A,N/A,N/A,N/A,N/A,N/A,N/A,N/A,10,N/A,N/A,qaoa_warmstart,True,0.25
1,2,3,4,5,5,3,True,True,1.0,0,0,1.0,1.0,222.95744579995517,222.95543810003437,212.5767510003061,10.378687099728268,0.9999909951429808,0.9534495000966443,0.046550499903355656,0.07122511220003944,0.088826867768938,2510,10,N/A,N/A,N/A,N/A,N/A,N/A,N/A,N/A,10,N/A,N/A,qaoa,N/A,N/A
2,2,4,5,7,7,4,True,True,1.0,0,0,0.7,0.8142857142857143,505.78553180000745,505.7832161001279,496.24818950140616,9.535026598721743,0.9999954215774594,0.9811479972146128,0.01885200278538727,0.16178514439999125,0.20150725741040953,2510,10,N/A,N/A,N/A,N/A,N/A,N/A,N/A,N/A,10,N/A,N/A,qaoa,N/A,N/A
3,3,4,6,10,10,4,True,True,1.0,0,0,0.7,0.9199999999999999,995.7217065999866,995.7193424001453,985.4840699004126,10.235272499732673,0.9999976256419583,0.9897207254455247,0.010279274554475281,0.31790715743992476,0.3967009332271495,2510,10,N/A,N/A,N/A,N/A,N/A,N/A,N/A,N/A,10,N/A,N/A,qaoa,N/A,N/A
4,3,3,5,5,5,3,True,True,1.0,0,0,1.0,1.0,425.77808640000876,425.77579260000493,416.31587540067267,9.459917199332267,0.9999946126865682,0.9777819280387803,0.022218071961219707,0.13515658339997755,0.16963178988048006,2510,10,N/A,N/A,N/A,N/A,N/A,N/A,N/A,N/A,10,N/A,N/A,qaoa,N/A,N/A
5,3,5,6,22,22,5,True,True,1.0,0,0,0.9,0.9727272727272727,1048.405138400034,1048.4028016001103,1038.2360565994168,10.166745000693481,0.9999977710907375,0.9903026346503685,0.009697365349631485,0.3351787393599749,0.41769035920323117,2510,10,N/A,N/A,N/A,N/A,N/A,N/A,N/A,N/A,10,N/A,N/A,qaoa,N/A,N/A
6,3,5,6,13,13,5,True,True,1.0,0,0,0.7,0.8692307692307691,1093.1691239000065,1093.1667045000358,1083.058307099971,10.10839740006486,0.9999977868017694,0.9907531053054822,0.009246894694517773,0.3498408497199649,0.43552458346614975,2510,10,N/A,N/A,N/A,N/A,N/A,N/A,N/A,N/A,10,N/A,N/A,qaoa,N/A,N/A
7,3,4,6,8,8,3,True,True,1.0,0,0,0.9,0.9875,1030.6577485000016,1030.655364499893,1020.5031369009521,10.152227598940954,0.9999976869139032,0.9901497358393248,0.009850264160675222,0.33035610140000937,0.4106196671314315,2510,10,N/A,N/A,N/A,N/A,N/A,N/A,N/A,N/A,10,N/A,N/A,qaoa,N/A,N/A
10,3,5,6,9,9,5,True,True,1.0,0,0,0.9,0.9666666666666666,1040.2412572000176,1040.238827900088,1030.0420991997817,10.196728700306267,0.9999976646764269,0.9901977041936704,0.009802295806329615,0.33177279212002175,0.4144377800398757,2510,10,N/A,N/A,N/A,N/A,N/A,N/A,N/A,N/A,10,N/A,N/A,qaoa,N/A,N/A
11,4,4,7,6,6,4,True,True,1.0,0,0,1.0,1.0,2009.7654514999595,2009.7628504000022,1998.1524687999627,11.610381600039545,0.9999987057693945,0.9942230091487019,0.00577699085129807,0.6433720895599807,0.8007023308366543,2510,10,N/A,N/A,N/A,N/A,N/A,N/A,N/A,N/A,10,N/A,N/A,qaoa,N/A,N/A
12,3,7,6,12,12,7,True,True,1.0,0,0,0.7,0.9250000000000002,1118.902168200002,1118.8996643999708,1108.8940122991917,10.005652100779116,0.99999776227082,0.9910575966557781,0.00894240334422195,0.3588806319200434,0.445776758725088,2510,10,N/A,N/A,N/A,N/A,N/A,N/A,N/A,N/A,10,N/A,N/A,qaoa,N/A,N/A
13,4,5,7,7,7,5,True,True,1.0,0,0,0.9,0.9857142857142858,2148.723526899994,2148.7209848000784,2137.0491895996965,11.671795200381894,0.999998816925545,0.9945680266153923,0.005431973384607617,0.6838958448400022,0.8560641373705492,2510,10,N/A,N/A,N/A,N/A,N/A,N/A,N/A,N/A,10,N/A,N/A,qaoa,N/A,N/A
14,2,3,4,6,6,3,True,True,1.0,0,0,1.0,1.0,261.1937127999845,261.1915216000052,251.3281193994917,9.86340220051352,0.9999916108241819,0.9622368975068856,0.03776310249311447,0.08362014528003056,0.10406036717131682,2510,10,N/A,N/A,N/A,N/A,N/A,N/A,N/A,N/A,10,N/A,N/A,qaoa,N/A,N/A
15,3,5,6,10,10,5,True,True,1.0,0,0,0.8,0.9800000000000001,1011.8630269000423,1011.8606885000481,1001.5385279991897,10.322160500858445,0.9999976890152797,0.9897988323707291,0.010201167629270888,0.3181186509200139,0.40313174840639365,2510,10,N/A,N/A,N/A,N/A,N/A,N/A,N/A,N/A,10,N/A,N/A,qaoa,N/A,N/A
17,3,3,5,6,6,3,True,True,1.0,0,0,1.0,1.0,451.97723399999086,451.9749030999956,442.4374316012836,9.537471498711966,0.9999948428818535,0.9788982276818988,0.021101772318101217,0.14471139803994448,0.1800696825099584,2510,10,N/A,N/A,N/A,N/A,N/A,N/A,N/A,N/A,10,N/A,N/A,qaoa,N/A,N/A
19,3,5,6,8,8,5,True,True,1.0,0,0,0.8,0.925,1065.1994901999715,1065.197092999937,1054.8225783007802,10.374514699156862,0.9999977495294952,0.9902604740781455,0.009739525921854422,0.33969786399994045,0.42438131195216616,2510,10,N/A,N/A,N/A,N/A,N/A,N/A,N/A,N/A,10,N/A,N/A,qaoa,N/A,N/A
20,4,6,7,11,11,6,True,True,1.0,0,0,1.0,1.0,2211.7986703999923,2211.796129400027,2200.029376499413,11.766752900613938,0.9999988511612746,0.994680001133827,0.005319998866172983,0.7081399674799992,0.8811936770518036,2510,10,N/A,N/A,N/A,N/A,N/A,N/A,N/A,N/A,10,N/A,N/A,qaoa,N/A,N/A
1,2,3,4,5,5,3,True,True,1.0,0,0,N/A,N/A,0.015282699954696,N/A,N/A,N/A,N/A,N/A,N/A,N/A,N/A,N/A,N/A,0.32,1.0,1.0,0.626,5,0.0,0.0013158800022210926,100,10,10,100,sa,N/A,N/A
2,2,4,5,7,7,4,True,True,1.0,0,0,N/A,N/A,0.016367900010664016,N/A,N/A,N/A,N/A,N/A,N/A,N/A,N/A,N/A,N/A,0.3,1.0,1.0,0.5685714285714285,7,0.0,0.0014247699989937245,100,10,10,100,sa,N/A,N/A
3,3,4,6,10,10,4,True,True,1.0,0,0,N/A,N/A,0.018562400015071034,N/A,N/A,N/A,N/A,N/A,N/A,N/A,N/A,N/A,N/A,0.26,1.0,1.0,0.716,10,0.0,0.0016254300135187805,100,10,10,100,sa,N/A,N/A
4,3,3,5,5,5,3,True,True,1.0,0,0,N/A,N/A,0.016507400025147945,N/A,N/A,N/A,N/A,N/A,N/A,N/A,N/A,N/A,N/A,0.62,1.0,1.0,0.83,5,0.0,0.0014491099980659782,100,10,10,100,sa,N/A,N/A
5,3,5,6,22,22,5,True,True,1.0,0,0,N/A,N/A,0.01832319999812171,N/A,N/A,N/A,N/A,N/A,N/A,N/A,N/A,N/A,N/A,0.26,0.9,1.0,0.6590909090909091,21.4,1.8,0.0016013000044040383,100,10,10,100,sa,N/A,N/A
6,3,5,6,13,13,5,True,True,1.0,0,0,N/A,N/A,0.019818399974610656,N/A,N/A,N/A,N/A,N/A,N/A,N/A,N/A,N/A,N/A,0.32,1.0,0.97,0.640761300555115,13,0.0,0.0016913500032387674,100,10,10,100,sa,N/A,N/A
7,3,4,6,8,8,3,True,True,1.0,0,0,N/A,N/A,0.01880869996966794,N/A,N/A,N/A,N/A,N/A,N/A,N/A,N/A,N/A,N/A,0.35,1.0,0.94,0.6888297872340425,8,0.0,0.0016526400111615657,100,10,10,100,sa,N/A,N/A
10,3,5,6,9,9,5,True,True,1.0,0,0,N/A,N/A,0.018577000009827316,N/A,N/A,N/A,N/A,N/A,N/A,N/A,N/A,N/A,N/A,0.42,1.0,0.98,0.6825396825396826,9,0.0,0.0016324899974279107,100,10,10,100,sa,N/A,N/A
11,4,4,7,6,6,4,True,True,1.0,0,0,N/A,N/A,0.020585899997968227,N/A,N/A,N/A,N/A,N/A,N/A,N/A,N/A,N/A,N/A,0.46,1.0,0.99,0.7693602693602694,6,0.0,0.0018045399978291244,100,10,10,100,sa,N/A,N/A
12,3,7,6,12,12,7,True,True,1.0,0,0,N/A,N/A,0.018609399965498596,N/A,N/A,N/A,N/A,N/A,N/A,N/A,N/A,N/A,N/A,0.24,1.0,0.93,0.6218637992831542,12,0.0,0.0016376700019463896,100,10,10,100,sa,N/A,N/A
13,4,5,7,7,7,5,True,True,1.0,0,0,N/A,N/A,0.02047869999660179,N/A,N/A,N/A,N/A,N/A,N/A,N/A,N/A,N/A,N/A,0.44,1.0,1.0,0.7342857142857143,7,0.0,0.0017966399958822877,100,10,10,100,sa,N/A,N/A
14,2,3,4,6,6,3,True,True,1.0,0,0,N/A,N/A,0.014009600039571524,N/A,N/A,N/A,N/A,N/A,N/A,N/A,N/A,N/A,N/A,0.49,1.0,0.84,0.5833333333333334,6,0.0,0.0012303800031077117,100,10,10,100,sa,N/A,N/A
15,3,5,6,10,10,5,True,True,1.0,0,0,N/A,N/A,0.01823710004100576,N/A,N/A,N/A,N/A,N/A,N/A,N/A,N/A,N/A,N/A,0.29,0.9,1.0,0.632,9.9,0.3,0.0016035200038459151,100,10,10,100,sa,N/A,N/A
17,3,3,5,6,6,3,True,True,1.0,0,0,N/A,N/A,0.015744699980132282,N/A,N/A,N/A,N/A,N/A,N/A,N/A,N/A,N/A,N/A,0.62,1.0,1.0,0.8133333333333334,6,0.0,0.0013778199965599925,100,10,10,100,sa,N/A,N/A
19,3,5,6,8,8,5,True,True,1.0,0,0,N/A,N/A,0.018419900035951287,N/A,N/A,N/A,N/A,N/A,N/A,N/A,N/A,N/A,N/A,0.42,1.0,1.0,0.605,8,0.0,0.001621370017528534,100,10,10,100,sa,N/A,N/A
20,4,6,7,11,11,6,True,True,1.0,0,0,N/A,N/A,0.019932799972593784,N/A,N/A,N/A,N/A,N/A,N/A,N/A,N/A,N/A,N/A,0.39,1.0,0.99,0.7272727272727273,11,0.0,0.001740740000968799,100,10,10,100,sa,N/A,N/A
1,2,3,4,5,5,3,True,True,1.0,0,0,0.9,0.96,181.1262216999894,181.12422440003138,170.38449899986153,10.739725400169846,0.9999889728834441,0.940705195918741,0.059294804081258964,0.05740057404001709,0.07216104557770174,2510,10,N/A,N/A,N/A,N/A,N/A,N/A,N/A,N/A,10,N/A,N/A,qaoa_warmstart,True,0.25
2,2,4,5,7,7,4,True,True,1.0,0,0,0.8,0.9142857142857143,456.1828576999833,456.180687300046,446.6315342000453,9.549153100000694,0.9999952422588866,0.9790671692909264,0.02093283070907358,0.14640793475992978,0.18174529374503823,2510,10,N/A,N/A,N/A,N/A,N/A,N/A,N/A,N/A,10,N/A,N/A,qaoa_warmstart,True,0.25
3,3,4,6,10,10,4,True,True,1.0,0,0,1.0,1.0,891.9371637000004,891.9347553000553,881.4538581992383,10.480897100816946,0.9999972998098485,0.98824925585808,0.011750744141919971,0.2851209881199524,0.35535249215141645,2510,10,N/A,N/A,N/A,N/A,N/A,N/A,N/A,N/A,10,N/A,N/A,qaoa_warmstart,True,0.25
4,3,3,5,5,5,3,True,True,1.0,0,0,1.0,1.0,382.83470839995425,382.8324738999945,373.2174526999006,9.615021200093906,0.999994163277491,0.9748845203695923,0.02511547963040772,0.12250381127994042,0.1525228979681253,2510,10,N/A,N/A,N/A,N/A,N/A,N/A,N/A,N/A,10,N/A,N/A,qaoa_warmstart,True,0.25
5,3,5,6,22,22,5,True,True,1.0,0,0,0.8,0.9636363636363636,928.7401026000152,928.7377985000494,918.4325475008227,10.3052509992267,0.9999975191122259,0.9889040254247538,0.011095974575246225,0.2960468424400315,0.3700150591633663,2510,10,N/A,N/A,N/A,N/A,N/A,N/A,N/A,N/A,10,N/A,N/A,qaoa_warmstart,True,0.25
6,3,5,6,13,13,5,True,True,1.0,0,0,0.9,0.9692307692307691,967.6673145999666,967.6648978999583,957.3216459998512,10.343251900107134,0.9999975025507508,0.9893111221430536,0.01068887785694637,0.308699177079997,0.3855238637051627,2510,10,N/A,N/A,N/A,N/A,N/A,N/A,N/A,N/A,10,N/A,N/A,qaoa_warmstart,True,0.25
7,3,4,6,8,8,3,True,True,1.0,0,0,0.7,0.9625,904.2750623999746,904.2727754999651,893.7686547003686,10.504120799596421,0.9999974710128537,0.9883839024195008,0.011616097580499179,0.2888679488799535,0.36026803804779484,2510,10,N/A,N/A,N/A,N/A,N/A,N/A,N/A,N/A,10,N/A,N/A,qaoa_warmstart,True,0.25
10,3,5,6,9,9,5,True,True,1.0,0,0,1.0,1.0,915.7649534000084,915.7624840000644,905.3888467995566,10.373637200507801,0.9999973034565969,0.9886721312766651,0.011327868723334893,0.29065663076003545,0.36484561115540415,2510,10,N/A,N/A,N/A,N/A,N/A,N/A,N/A,N/A,10,N/A,N/A,qaoa_warmstart,True,0.25
11,4,4,7,6,6,4,True,True,1.0,0,0,0.9,0.9833333333333334,1711.0048031000188,1711.0022410000092,1698.4596697985544,12.542571201454848,0.9999985025757936,0.9926694595127332,0.007330540487266831,0.5477514487199485,0.6816741996015973,2510,10,N/A,N/A,N/A,N/A,N/A,N/A,N/A,N/A,10,N/A,N/A,qaoa_warmstart,True,0.25
12,3,7,6,12,12,7,True,True,1.0,0,0,0.9,0.9833333333333334,966.4269497999921,966.4244630999747,956.1435237996047,10.280939300369937,0.9999974269136245,0.9893618801128109,0.01063811988718915,0.30690065831998364,0.3850296665736951,2510,10,N/A,N/A,N/A,N/A,N/A,N/A,N/A,N/A,10,N/A,N/A,qaoa_warmstart,True,0.25
13,4,5,7,7,7,5,True,True,1.0,0,0,0.9,0.9857142857142858,1843.135469699977,1843.1330460999743,1830.779035999265,12.354010100709274,0.9999986850668101,0.9932972770865076,0.006702722913492364,0.5867145318000344,0.7343159546215037,2510,10,N/A,N/A,N/A,N/A,N/A,N/A,N/A,N/A,10,N/A,N/A,qaoa_warmstart,True,0.25
14,2,3,4,6,6,3,True,True,1.0,0,0,0.9,0.9,226.72091410000576,226.7187112000538,215.52605389943346,11.19265730062034,0.9999902836491257,0.9506319648635261,0.04936803513647392,0.0726701521200128,0.0903261797609776,2510,10,N/A,N/A,N/A,N/A,N/A,N/A,N/A,N/A,10,N/A,N/A,qaoa_warmstart,True,0.25
15,3,5,6,10,10,5,True,True,1.0,0,0,0.8,0.9800000000000001,957.5131323000533,957.5107523999177,947.2311361002503,10.279616299667396,0.9999975144986996,0.9892642288622844,0.010735771137715611,0.3052020189600531,0.38147838741032575,2510,10,N/A,N/A,N/A,N/A,N/A,N/A,N/A,N/A,10,N/A,N/A,qaoa_warmstart,True,0.25
17,3,3,5,6,6,3,True,True,1.0,0,0,1.0,1.0,390.63170450000325,390.62946940003894,381.13124600134324,9.4982233986957,0.9999942782422969,0.975684826305389,0.02431517369461105,0.12471218067994341,0.15562927067730636,2510,10,N/A,N/A,N/A,N/A,N/A,N/A,N/A,N/A,10,N/A,N/A,qaoa_warmstart,True,0.25
19,3,5,6,8,8,5,True,True,1.0,0,0,1.0,1.0,944.1796476000454,944.1772743999609,933.8282795015257,10.348994898435194,0.9999974864951913,0.9890391400227122,0.01096085997728778,0.3001326666000532,0.3761662447808609,2510,10,N/A,N/A,N/A,N/A,N/A,N/A,N/A,N/A,10,N/A,N/A,qaoa_warmstart,True,0.25
20,4,6,7,11,11,6,True,True,1.0,0,0,0.9,0.990909090909091,1879.1879470999702,1879.185477699968,1866.7333029007423,12.452174799225759,0.9999986859217536,0.9933736318490144,0.006626368150985616,0.5989793865600135,0.7486794731872383,2510,10,N/A,N/A,N/A,N/A,N/A,N/A,N/A,N/A,10,N/A,N/A,qaoa_warmstart,True,0.25
1,2,3,4,5,5,3,True,True,1.0,0,0,0.9,0.96,227.03092330001527,227.02891949994955,216.08185690047685,10.947062599472702,0.9999911738892808,0.9517811976395583,0.04821880236044172,0.0728704188000178,0.0904497687250795,2510,10,N/A,N/A,N/A,N/A,N/A,N/A,N/A,N/A,10,N/A,N/A,qaoa,N/A,N/A
2,2,4,5,7,7,4,True,True,1.0,0,0,0.9,0.9571428571428571,490.59367720002774,490.5915429999586,481.1393706992967,9.452172300661914,0.9999956497603448,0.9807331120245937,0.019266887975406276,0.15588114588004537,0.19545479800795165,2510,10,N/A,N/A,N/A,N/A,N/A,N/A,N/A,N/A,10,N/A,N/A,qaoa,N/A,N/A
3,3,4,6,10,10,4,True,True,1.0,0,0,0.9,0.9800000000000001,1004.1258146999171,1004.1235181002412,994.1891380986199,9.93438000162132,0.9999977128367359,0.9901064163695551,0.009893583630444932,0.32097386259995403,0.4000492103985025,2510,10,N/A,N/A,N/A,N/A,N/A,N/A,N/A,N/A,10,N/A,N/A,qaoa,N/A,N/A
4,3,3,5,5,5,3,True,True,1.0,0,0,0.9,0.9800000000000001,439.05225280008744,439.0500197999645,430.013235299848,9.036784500116482,0.9999949140447209,0.9794174146621524,0.020582585337847677,0.14040920183998531,0.17492032661353168,2510,10,N/A,N/A,N/A,N/A,N/A,N/A,N/A,N/A,10,N/A,N/A,qaoa,N/A,N/A
5,3,5,6,22,22,5,True,True,1.0,0,0,0.8,0.9636363636363636,1049.9294885999989,1049.9271338998806,1040.1409131004475,9.786220799433067,0.9999977572778517,0.9906791428819609,0.009320857118039075,0.33611186691997574,0.41829766290831893,2510,10,N/A,N/A,N/A,N/A,N/A,N/A,N/A,N/A,10,N/A,N/A,qaoa,N/A,N/A
6,3,5,6,13,13,5,True,True,1.0,0,0,0.7,0.9076923076923077,1105.0820749999257,1105.079695600085,1095.1701349030482,9.909560697036795,0.9999978468569036,0.9910327185120746,0.008967281487925326,0.3552518361600116,0.44027079505979483,2510,10,N/A,N/A,N/A,N/A,N/A,N/A,N/A,N/A,10,N/A,N/A,qaoa,N/A,N/A
7,3,4,6,8,8,3,True,True,1.0,0,0,0.8,0.975,1015.9763737999601,1015.9739835999208,1006.0450971970567,9.92888640286401,0.9999976473861981,0.9902272237644484,0.009772776235551612,0.3251253093600273,0.40477051139439074,2510,10,N/A,N/A,N/A,N/A,N/A,N/A,N/A,N/A,10,N/A,N/A,qaoa,N/A,N/A
10,3,5,6,9,9,5,True,True,1.0,0,0,0.8,0.9333333333333333,1055.0636709000682,1055.0612967001507,1045.2346017002128,9.8266949999379,0.9999977497093464,0.9906861383024169,0.009313861697583107,0.3383578667999711,0.4203431460956776,2510,10,N/A,N/A,N/A,N/A,N/A,N/A,N/A,N/A,10,N/A,N/A,qaoa,N/A,N/A
11,4,4,7,6,6,4,True,True,1.0,0,0,1.0,1.0,2037.428448999999,2037.4259512998397,2025.8713508005021,11.554600499337539,0.9999987740918408,0.9943288243226872,0.0056711756773127975,0.6549506647600792,0.8117234865736414,2510,10,N/A,N/A,N/A,N/A,N/A,N/A,N/A,N/A,10,N/A,N/A,qaoa,N/A,N/A
12,3,7,6,12,12,7,True,True,1.0,0,0,1.0,1.0,1121.445613799966,1121.4431486999383,1111.5526494976366,9.890499202301726,0.9999978018550366,0.9911805612136758,0.008819438786324157,0.3598362272000406,0.44679009908364076,2510,10,N/A,N/A,N/A,N/A,N/A,N/A,N/A,N/A,10,N/A,N/A,qaoa,N/A,N/A
13,4,5,7,7,7,5,True,True,1.0,0,0,0.9,0.9857142857142858,2134.4241809999803,2134.421546400059,2122.858077701647,11.56346869841218,0.9999987656624467,0.9945823875710422,0.00541761242895775,0.6791357423999812,0.8503671499601829,2510,10,N/A,N/A,N/A,N/A,N/A,N/A,N/A,N/A,10,N/A,N/A,qaoa,N/A,N/A
14,2,3,4,6,6,3,True,True,1.0,0,0,1.0,1.0,264.5425128999632,264.54028590000235,253.8509954988258,10.68929040117655,0.9999915816934812,0.9595929581583005,0.04040704184169953,0.08501964571997524,0.10539453621514037,2510,10,N/A,N/A,N/A,N/A,N/A,N/A,N/A,N/A,10,N/A,N/A,qaoa,N/A,N/A
15,3,5,6,10,10,5,True,True,1.0,0,0,0.8,0.9800000000000001,1050.010151399998,1050.007801800035,1039.9461658019572,10.06163599807769,0.9999977623073835,0.9904175607259023,0.009582439274097741,0.33351018951986916,0.41832980151395815,2510,10,N/A,N/A,N/A,N/A,N/A,N/A,N/A,N/A,10,N/A,N/A,qaoa,N/A,N/A
17,3,3,5,6,6,3,True,True,1.0,0,0,1.0,1.0,444.95689889998175,444.9546194000868,435.6697144987993,9.284904901287518,0.9999948770321337,0.9791329171639886,0.02086708283601136,0.1420165905601345,0.1772727567331023,2510,10,N/A,N/A,N/A,N/A,N/A,N/A,N/A,N/A,10,N/A,N/A,qaoa,N/A,N/A
19,3,5,6,8,8,5,True,True,1.0,0,0,1.0,1.0,1059.021727400017,1059.019314599922,1048.978612400475,10.040702199446969,0.9999977216708282,0.9905188677288288,0.009481132271171241,0.3374734476000071,0.4219200456573394,2510,10,N/A,N/A,N/A,N/A,N/A,N/A,N/A,N/A,10,N/A,N/A,qaoa,N/A,N/A
20,4,6,7,11,11,6,True,True,1.0,0,0,1.0,1.0,2180.8075312,2180.80495829985,2169.1393335993635,11.66562470048666,0.9999988202076006,0.9946507711952466,0.00534922880475343,0.6962536929199472,0.8688465969322112,2510,10,N/A,N/A,N/A,N/A,N/A,N/A,N/A,N/A,10,N/A,N/A,qaoa,N/A,N/A
1,2,3,4,5,5,3,True,True,1.0,0,0,N/A,N/A,0.015536500024609268,N/A,N/A,N/A,N/A,N/A,N/A,N/A,N/A,N/A,N/A,0.48,1.0,1.0,0.69,5,0.0,0.001344689994584769,100,10,10,100,sa,N/A,N/A
2,2,4,5,7,7,4,True,True,1.0,0,0,N/A,N/A,0.016500099911354482,N/A,N/A,N/A,N/A,N/A,N/A,N/A,N/A,N/A,N/A,0.47,1.0,1.0,0.6471428571428571,7,0.0,0.0014294600114226341,100,10,10,100,sa,N/A,N/A
3,3,4,6,10,10,4,True,True,1.0,0,0,N/A,N/A,0.018398999935016036,N/A,N/A,N/A,N/A,N/A,N/A,N/A,N/A,N/A,N/A,0.32,1.0,1.0,0.706,10,0.0,0.0016018300084397197,100,10,10,100,sa,N/A,N/A
4,3,3,5,5,5,3,True,True,1.0,0,0,N/A,N/A,0.015906000044196844,N/A,N/A,N/A,N/A,N/A,N/A,N/A,N/A,N/A,N/A,0.53,1.0,1.0,0.832,5,0.0,0.0013918099808506667,100,10,10,100,sa,N/A,N/A
5,3,5,6,22,22,5,True,True,1.0,0,0,N/A,N/A,0.018588599981740117,N/A,N/A,N/A,N/A,N/A,N/A,N/A,N/A,N/A,N/A,0.31,0.9,1.0,0.6963636363636364,21.6,1.2,0.0016261099954135716,100,10,10,100,sa,N/A,N/A
6,3,5,6,13,13,5,True,True,1.0,0,0,N/A,N/A,0.01893640006892383,N/A,N/A,N/A,N/A,N/A,N/A,N/A,N/A,N/A,N/A,0.26,0.9,0.98,0.5989010989010989,12.6,1.2,0.0016620599548332394,100,10,10,100,sa,N/A,N/A
7,3,4,6,8,8,3,True,True,1.0,0,0,N/A,N/A,0.01946089998818934,N/A,N/A,N/A,N/A,N/A,N/A,N/A,N/A,N/A,N/A,0.25,1.0,0.95,0.6842105263157895,8,0.0,0.0017173800151795149,100,10,10,100,sa,N/A,N/A
10,3,5,6,9,9,5,True,True,1.0,0,0,N/A,N/A,0.018513699993491173,N/A,N/A,N/A,N/A,N/A,N/A,N/A,N/A,N/A,N/A,0.22,1.0,0.97,0.5647193585337915,9,0.0,0.0016279600095003843,100,10,10,100,sa,N/A,N/A
11,4,4,7,6,6,4,True,True,1.0,0,0,N/A,N/A,0.021088500041514635,N/A,N/A,N/A,N/A,N/A,N/A,N/A,N/A,N/A,N/A,0.28,1.0,1.0,0.6866666666666666,6,0.0,0.0018489199690520763,100,10,10,100,sa,N/A,N/A
12,3,7,6,12,12,7,True,True,1.0,0,0,N/A,N/A,0.01842249999754131,N/A,N/A,N/A,N/A,N/A,N/A,N/A,N/A,N/A,N/A,0.22,1.0,0.97,0.6151202749140894,12,0.0,0.0016205199877731501,100,10,10,100,sa,N/A,N/A
13,4,5,7,7,7,5,True,True,1.0,0,0,N/A,N/A,0.020807099994271994,N/A,N/A,N/A,N/A,N/A,N/A,N/A,N/A,N/A,N/A,0.32,1.0,1.0,0.71,7,0.0,0.0018261399818584323,100,10,10,100,sa,N/A,N/A
14,2,3,4,6,6,3,True,True,1.0,0,0,N/A,N/A,0.014104800065979362,N/A,N/A,N/A,N/A,N/A,N/A,N/A,N/A,N/A,N/A,0.54,1.0,0.88,0.6136363636363636,6,0.0,0.001236250007059425,100,10,10,100,sa,N/A,N/A
15,3,5,6,10,10,5,True,True,1.0,0,0,N/A,N/A,0.018910499988123775,N/A,N/A,N/A,N/A,N/A,N/A,N/A,N/A,N/A,N/A,0.18,0.9,1.0,0.586,9.9,0.3,0.0016656599706038832,100,10,10,100,sa,N/A,N/A
17,3,3,5,6,6,3,True,True,1.0,0,0,N/A,N/A,0.01657500001601875,N/A,N/A,N/A,N/A,N/A,N/A,N/A,N/A,N/A,N/A,0.62,1.0,0.99,0.7710437710437711,6,0.0,0.0014588599908165634,100,10,10,100,sa,N/A,N/A
19,3,5,6,8,8,5,True,True,1.0,0,0,N/A,N/A,0.018165100016631186,N/A,N/A,N/A,N/A,N/A,N/A,N/A,N/A,N/A,N/A,0.43,1.0,1.0,0.61375,8,0.0,0.0015877899946644901,100,10,10,100,sa,N/A,N/A
20,4,6,7,11,11,6,True,True,1.0,0,0,N/A,N/A,0.020221999962814152,N/A,N/A,N/A,N/A,N/A,N/A,N/A,N/A,N/A,N/A,0.3,1.0,0.99,0.6813590449954087,11,0.0,0.001769149990286678,100,10,10,100,sa,N/A,N/A
1,2,3,4,5,5,3,True,True,1.0,0,0,1.0,1.0,194.15410269994754,194.1520843001781,183.61966780084185,10.53241649933625,0.9999896041353679,0.9457517206817512,0.054248279318248806,0.06267561459997668,0.07735142800803908,2510,10,N/A,N/A,N/A,N/A,N/A,N/A,N/A,N/A,10,N/A,N/A,qaoa_warmstart,True,0.25
2,2,4,5,7,7,4,True,True,1.0,0,0,1.0,1.0,450.1972674999852,450.19507459993474,440.54531840013806,9.649756199796684,0.9999951290240774,0.9785653892185028,0.02143461078149717,0.14410661332006566,0.17936058749001385,2510,10,N/A,N/A,N/A,N/A,N/A,N/A,N/A,N/A,10,N/A,N/A,qaoa_warmstart,True,0.25
3,3,4,6,10,10,4,True,True,1.0,0,0,0.9,0.9800000000000001,886.1904585999437,886.1881557002198,875.7803739005467,10.407781799673103,0.9999974013489973,0.9882555620578686,0.011744437942131392,0.2830646364400629,0.3530630102391314,2510,10,N/A,N/A,N/A,N/A,N/A,N/A,N/A,N/A,10,N/A,N/A,qaoa_warmstart,True,0.25
4,3,3,5,5,5,3,True,True,1.0,0,0,1.0,1.0,386.47127320000436,386.4690528999781,376.8330866000615,9.635966299916618,0.9999942549416213,0.9750666548133402,0.02493334518665974,0.12395491447993554,0.15397173422309884,2510,10,N/A,N/A,N/A,N/A,N/A,N/A,N/A,N/A,10,N/A,N/A,qaoa_warmstart,True,0.25
5,3,5,6,22,22,5,True,True,1.0,0,0,0.9,0.9818181818181818,947.1115054999245,947.1092268001521,936.8019206011668,10.307306198985316,0.9999975940533303,0.9891170881801997,0.010882911819800318,0.30351186192003077,0.3773343533068335,2510,10,N/A,N/A,N/A,N/A,N/A,N/A,N/A,N/A,10,N/A,N/A,qaoa_warmstart,True,0.25
6,3,5,6,13,13,5,True,True,1.0,0,0,0.5,0.8461538461538464,961.3150666999863,961.3127137997653,950.9338345996803,10.378879200085066,0.9999975524151212,0.9892034308387948,0.01079656916120524,0.30613371320003646,0.3829931130676356,2510,10,N/A,N/A,N/A,N/A,N/A,N/A,N/A,N/A,10,N/A,N/A,qaoa_warmstart,True,0.25
7,3,4,6,8,8,3,True,True,1.0,0,0,0.8,0.975,907.4999332999578,907.497577900067,896.9840358992806,10.513542000786401,0.9999974045178359,0.9884147988305219,0.011585201169478103,0.2902362278400455,0.36155281988050475,2510,10,N/A,N/A,N/A,N/A,N/A,N/A,N/A,N/A,10,N/A,N/A,qaoa_warmstart,True,0.25
10,3,5,6,9,9,5,True,True,1.0,0,0,0.8,0.9222222222222222,925.5297162999632,925.5273816998815,915.1319128997857,10.395468800095841,0.9999974775525404,0.9887680591567125,0.011231940843287502,0.2947744384000078,0.36873600864537115,2510,10,N/A,N/A,N/A,N/A,N/A,N/A,N/A,N/A,10,N/A,N/A,qaoa_warmstart,True,0.25
11,4,4,7,6,6,4,True,True,1.0,0,0,1.0,1.0,1711.0239992999705,1711.0214538999135,1699.529875298147,11.491578601766378,0.9999985123528028,0.99328379046588,0.00671620953411995,0.5480478701599873,0.6816818541433918,2510,10,N/A,N/A,N/A,N/A,N/A,N/A,N/A,N/A,10,N/A,N/A,qaoa_warmstart,True,0.25
12,3,7,6,12,12,7,True,True,1.0,0,0,1.0,1.0,1016.6504660999635,1016.64801719971,1006.2350933991838,10.412923800526187,0.9999975912072682,0.9897575919842859,0.010242408015714131,0.32548124307990073,0.4050390506771753,2510,10,N/A,N/A,N/A,N/A,N/A,N/A,N/A,N/A,10,N/A,N/A,qaoa_warmstart,True,0.25
13,4,5,7,7,7,5,True,True,1.0,0,0,1.0,1.0,1815.4724830000196,1815.4699079000857,1804.0815490001114,11.388358899974264,0.9999985815814021,0.9937270461766304,0.006272953823369581,0.5757981285999063,0.7232947840239385,2510,10,N/A,N/A,N/A,N/A,N/A,N/A,N/A,N/A,10,N/A,N/A,qaoa_warmstart,True,0.25
14,2,3,4,6,6,3,True,True,1.0,0,0,1.0,1.0,227.31278270005714,227.31060110020917,216.58154730254319,10.729053797665983,0.9999904026521428,0.9528000289219414,0.04719997107805858,0.07292269907998852,0.09056199247020286,2510,10,N/A,N/A,N/A,N/A,N/A,N/A,N/A,N/A,10,N/A,N/A,qaoa_warmstart,True,0.25
15,3,5,6,10,10,5,True,True,1.0,0,0,0.9,0.99,955.8100904000457,955.8077718000859,945.424992897897,10.382778902188875,0.9999975742043496,0.9891371683632214,0.010862831636778644,0.3049213296799455,0.38079990908369954,2510,10,N/A,N/A,N/A,N/A,N/A,N/A,N/A,N/A,10,N/A,N/A,qaoa_warmstart,True,0.25
17,3,3,5,6,6,3,True,True,1.0,0,0,1.0,1.0,400.3472927999683,400.34510629985016,390.77844490052667,9.566661399323493,0.9999945384915611,0.9761039631838081,0.023896036816191936,0.1286738757599145,0.1595000423505379,2510,10,N/A,N/A,N/A,N/A,N/A,N/A,N/A,N/A,10,N/A,N/A,qaoa_warmstart,True,0.25
19,3,5,6,8,8,5,True,True,1.0,0,0,0.9,0.9625,946.0178700999822,946.015446000034,935.5803007015493,10.435145298484713,0.9999974375748863,0.9889693711211515,0.011030628878848495,0.30067872680006547,0.37689858406375853,2510,10,N/A,N/A,N/A,N/A,N/A,N/A,N/A,N/A,10,N/A,N/A,qaoa_warmstart,True,0.25
20,4,6,7,11,11,6,True,True,1.0,0,0,1.0,1.0,1917.160180100007,1917.1576976000797,1905.776179898763,11.381517701316625,0.9999987051160601,0.9940633377652949,0.0059366622347051265,0.614439866759954,0.7638078476494341,2510,10,N/A,N/A,N/A,N/A,N/A,N/A,N/A,N/A,10,N/A,N/A,qaoa_warmstart,True,0.25
1,2,3,4,5,5,3,True,True,1.0,0,0,0.9,0.96,227.15132079995237,227.14929850003682,217.07888450007886,10.070413999957964,0.999991097124558,0.9556661012538573,0.044333898746142644,0.072849753279984,0.09049772848607045,2510,10,N/A,N/A,N/A,N/A,N/A,N/A,N/A,N/A,10,N/A,N/A,qaoa,N/A,N/A
2,2,4,5,7,7,4,True,True,1.0,0,0,0.9,0.9,497.1031160999555,497.10095609992277,487.63930119993165,9.461654899991117,0.9999956548249995,0.9809663313178395,0.01903366868216045,0.15838121620002202,0.19804818968124413,2510,10,N/A,N/A,N/A,N/A,N/A,N/A,N/A,N/A,10,N/A,N/A,qaoa,N/A,N/A
3,3,4,6,10,10,4,True,True,1.0,0,0,0.8,0.9400000000000001,998.9198200999526,998.9174322999315,988.5840019000461,10.333430399885401,0.9999976096179363,0.9896553708387154,0.010344629161284594,0.3192980318399146,0.3979750726294548,2510,10,N/A,N/A,N/A,N/A,N/A,N/A,N/A,N/A,10,N/A,N/A,qaoa,N/A,N/A
4,3,3,5,5,5,3,True,True,1.0,0,0,1.0,1.0,436.1858937999932,436.1836675000377,426.78340619953815,9.400261300499551,0.9999948959835998,0.9784488462065152,0.021551153793484802,0.13922482484001666,0.1737783535856724,2510,10,N/A,N/A,N/A,N/A,N/A,N/A,N/A,N/A,10,N/A,N/A,qaoa,N/A,N/A
5,3,5,6,22,22,5,True,True,1.0,0,0,0.7,0.9363636363636365,1050.9776592999697,1050.9753157001687,1040.7615515029756,10.213764197193086,0.9999977700764805,0.9902816326467301,0.009718367353269938,0.33607481943992895,0.4187152652191907,2510,10,N/A,N/A,N/A,N/A,N/A,N/A,N/A,N/A,10,N/A,N/A,qaoa,N/A,N/A
6,3,5,6,13,13,5,True,True,1.0,0,0,0.9,0.9692307692307693,1076.725734799984,1076.7233688998967,1066.4372809971683,10.286087902728468,0.9999978026901274,0.9904468610974443,0.00955313890255573,0.3433275963599328,0.4289734537449788,2510,10,N/A,N/A,N/A,N/A,N/A,N/A,N/A,N/A,10,N/A,N/A,qaoa,N/A,N/A
7,3,4,6,8,8,3,True,True,1.0,0,0,0.9,0.9375,1036.71580669994,1036.7134580998681,1026.5182611009805,10.195196998887695,0.9999977345767695,0.9901658487027131,0.009834151297286986,0.3324130463999696,0.4130332502389913,2510,10,N/A,N/A,N/A,N/A,N/A,N/A,N/A,N/A,10,N/A,N/A,qaoa,N/A,N/A
10,3,5,6,9,9,5,True,True,1.0,0,0,0.8,0.9333333333333333,1031.8546506999992,1031.852207600139,1021.5537928990088,10.298414701130241,0.9999976323217049,0.9900194866810605,0.009980513318939429,0.3284600410399493,0.41109649705184825,2510,10,N/A,N/A,N/A,N/A,N/A,N/A,N/A,N/A,10,N/A,N/A,qaoa,N/A,N/A
11,4,4,7,6,6,4,True,True,1.0,0,0,1.0,1.0,1981.3585981000215,1981.3560549998656,1969.5525640982669,11.803490901598707,0.9999987164866783,0.994042720957794,0.0059572790422060245,0.6318791026800405,0.789384882470066,2510,10,N/A,N/A,N/A,N/A,N/A,N/A,N/A,N/A,10,N/A,N/A,qaoa,N/A,N/A
12,3,7,6,12,12,7,True,True,1.0,0,0,0.9,0.9833333333333332,1129.605955899926,1129.603553000139,1119.475872400566,10.127680599573068,0.9999978727982317,0.9910343052899624,0.00896569471003764,0.36269456615992823,0.45004125617535423,2510,10,N/A,N/A,N/A,N/A,N/A,N/A,N/A,N/A,10,N/A,N/A,qaoa,N/A,N/A
13,4,5,7,7,7,5,True,True,1.0,0,0,0.9,0.9857142857142858,2162.842362400028,2162.8397494000383,2151.074409400695,11.765339999343269,0.9999987918675743,0.9945602349861533,0.005439765013846689,0.6899563213199843,0.8616891431872662,2510,10,N/A,N/A,N/A,N/A,N/A,N/A,N/A,N/A,10,N/A,N/A,qaoa,N/A,N/A
14,2,3,4,6,6,3,True,True,1.0,0,0,1.0,1.0,262.6938945000293,262.69168189982884,252.8221189014148,9.86956299841404,0.9999915772682701,0.9624290996691035,0.03757090033089651,0.08426058084010146,0.10465804059754137,2510,10,N/A,N/A,N/A,N/A,N/A,N/A,N/A,N/A,10,N/A,N/A,qaoa,N/A,N/A
15,3,5,6,10,10,5,True,True,1.0,0,0,0.9,0.99,1082.2944040000439,1082.2920500999317,1072.2258758991957,10.066174200735986,0.9999978250833567,0.9906992071134528,0.009300792886547159,0.34607039831997827,0.4311920518326421,2510,10,N/A,N/A,N/A,N/A,N/A,N/A,N/A,N/A,10,N/A,N/A,qaoa,N/A,N/A
17,3,3,5,6,6,3,True,True,1.0,0,0,1.0,1.0,455.3219853999326,455.31972599972505,446.03309760196134,9.286628397763707,0.999995037796812,0.9796041597420945,0.02039584025790553,0.14588405008004046,0.18140228127479086,2510,10,N/A,N/A,N/A,N/A,N/A,N/A,N/A,N/A,10,N/A,N/A,qaoa,N/A,N/A
19,3,5,6,8,8,5,True,True,1.0,0,0,1.0,1.0,1057.69627830002,1057.6938042000402,1047.374652800383,10.31915139965713,0.9999976608597094,0.990243725207919,0.00975627479208102,0.33663212784002533,0.42139195386455786,2510,10,N/A,N/A,N/A,N/A,N/A,N/A,N/A,N/A,10,N/A,N/A,qaoa,N/A,N/A
20,4,6,7,11,11,6,True,True,1.0,0,0,0.9,0.9727272727272727,2180.5924078000244,2180.589879599982,2168.8317403962137,11.758139203768224,0.9999988405902757,0.9946078172178231,0.005392182782176901,0.6957924571600277,0.8687609082071641,2510,10,N/A,N/A,N/A,N/A,N/A,N/A,N/A,N/A,10,N/A,N/A,qaoa,N/A,N/A
1,2,3,4,5,5,3,True,True,1.0,0,0,N/A,N/A,0.015289800008758903,N/A,N/A,N/A,N/A,N/A,N/A,N/A,N/A,N/A,N/A,0.49,1.0,1.0,0.706,5,0.0,0.0013214799808338284,100,10,10,100,sa,N/A,N/A
2,2,4,5,7,7,4,True,True,1.0,0,0,N/A,N/A,0.01638819999061525,N/A,N/A,N/A,N/A,N/A,N/A,N/A,N/A,N/A,N/A,0.24,1.0,1.0,0.5085714285714286,7,0.0,0.0014230499975383282,100,10,10,100,sa,N/A,N/A
3,3,4,6,10,10,4,True,True,1.0,0,0,N/A,N/A,0.01866509998217225,N/A,N/A,N/A,N/A,N/A,N/A,N/A,N/A,N/A,N/A,0.21,0.8,1.0,0.686,9.6,0.8,0.0016320899943821133,100,10,10,100,sa,N/A,N/A
4,3,3,5,5,5,3,True,True,1.0,0,0,N/A,N/A,0.016370999976061285,N/A,N/A,N/A,N/A,N/A,N/A,N/A,N/A,N/A,N/A,0.66,1.0,1.0,0.852,5,0.0,0.001436170027591288,100,10,10,100,sa,N/A,N/A
5,3,5,6,22,22,5,True,True,1.0,0,0,N/A,N/A,0.018320900038816035,N/A,N/A,N/A,N/A,N/A,N/A,N/A,N/A,N/A,N/A,0.31,0.9,1.0,0.6809090909090909,21.6,1.2,0.0016059999819844962,100,10,10,100,sa,N/A,N/A
6,3,5,6,13,13,5,True,True,1.0,0,0,N/A,N/A,0.01981520000845194,N/A,N/A,N/A,N/A,N/A,N/A,N/A,N/A,N/A,N/A,0.31,1.0,0.98,0.609105180533752,13,0.0,0.0017011099960654974,100,10,10,100,sa,N/A,N/A
7,3,4,6,8,8,3,True,True,1.0,0,0,N/A,N/A,0.01968459994532168,N/A,N/A,N/A,N/A,N/A,N/A,N/A,N/A,N/A,N/A,0.32,1.0,0.95,0.7144736842105263,8,0.0,0.0017363700200803578,100,10,10,100,sa,N/A,N/A
10,3,5,6,9,9,5,True,True,1.0,0,0,N/A,N/A,0.018402399960905313,N/A,N/A,N/A,N/A,N/A,N/A,N/A,N/A,N/A,N/A,0.3,0.9,0.97,0.6025200458190149,8.7,0.9,0.0016140099964104594,100,10,10,100,sa,N/A,N/A
11,4,4,7,6,6,4,True,True,1.0,0,0,N/A,N/A,0.020692599937319756,N/A,N/A,N/A,N/A,N/A,N/A,N/A,N/A,N/A,N/A,0.29,1.0,1.0,0.7083333333333334,6,0.0,0.0018147099995985626,100,10,10,100,sa,N/A,N/A
12,3,7,6,12,12,7,True,True,1.0,0,0,N/A,N/A,0.01820749999023974,N/A,N/A,N/A,N/A,N/A,N/A,N/A,N/A,N/A,N/A,0.18,0.8,0.95,0.624561403508772,11.6,0.8,0.001596030022483319,100,10,10,100,sa,N/A,N/A
13,4,5,7,7,7,5,True,True,1.0,0,0,N/A,N/A,0.02022700000088662,N/A,N/A,N/A,N/A,N/A,N/A,N/A,N/A,N/A,N/A,0.33,1.0,1.0,0.7057142857142857,7,0.0,0.0017620399943552912,100,10,10,100,sa,N/A,N/A
14,2,3,4,6,6,3,True,True,1.0,0,0,N/A,N/A,0.013497699983417988,N/A,N/A,N/A,N/A,N/A,N/A,N/A,N/A,N/A,N/A,0.44,1.0,0.8,0.55,6,0.0,0.0011817299877293409,100,10,10,100,sa,N/A,N/A
15,3,5,6,10,10,5,True,True,1.0,0,0,N/A,N/A,0.018268999992869794,N/A,N/A,N/A,N/A,N/A,N/A,N/A,N/A,N/A,N/A,0.3,1.0,1.0,0.664,10,0.0,0.0016075999825261532,100,10,10,100,sa,N/A,N/A
17,3,3,5,6,6,3,True,True,1.0,0,0,N/A,N/A,0.01638970000203699,N/A,N/A,N/A,N/A,N/A,N/A,N/A,N/A,N/A,N/A,0.65,1.0,1.0,0.8,6,0.0,0.0014475299860350788,100,10,10,100,sa,N/A,N/A
19,3,5,6,8,8,5,True,True,1.0,0,0,N/A,N/A,0.01833759993314743,N/A,N/A,N/A,N/A,N/A,N/A,N/A,N/A,N/A,N/A,0.41,1.0,1.0,0.62625,8,0.0,0.0016102899913676082,100,10,10,100,sa,N/A,N/A
20,4,6,7,11,11,6,True,True,1.0,0,0,N/A,N/A,0.020404400071129203,N/A,N/A,N/A,N/A,N/A,N/A,N/A,N/A,N/A,N/A,0.31,1.0,0.97,0.6485473289597001,11,0.0,0.001787979993969202,100,10,10,100,sa,N/A,N/A
1,2,3,4,5,5,3,True,True,1.0,0,0,0.8,0.9199999999999999,193.54713999992236,193.5451485000085,183.08669429842848,10.458454201580025,0.9999897105174799,0.945963749116762,0.05403625088323805,0.062341656039934606,0.07710962091633805,2510,10,N/A,N/A,N/A,N/A,N/A,N/A,N/A,N/A,10,N/A,N/A,qaoa_warmstart,True,0.25
2,2,4,5,7,7,4,True,True,1.0,0,0,0.9,0.9571428571428571,451.9736327000428,451.9714879998937,442.52730400220025,9.444183997693472,0.9999952548113564,0.9791044695330523,0.020895530466947712,0.14462039727997034,0.18006832191230826,2510,10,N/A,N/A,N/A,N/A,N/A,N/A,N/A,N/A,10,N/A,N/A,qaoa_warmstart,True,0.25
3,3,4,6,10,10,4,True,True,1.0,0,0,1.0,1.0,890.3019441999495,890.299635599833,880.053804401774,10.245831198059022,0.9999974069470121,0.988491704603298,0.011508295396701996,0.28461657499996945,0.3547010500397741,2510,10,N/A,N/A,N/A,N/A,N/A,N/A,N/A,N/A,10,N/A,N/A,qaoa_warmstart,True,0.25
4,3,3,5,5,5,3,True,True,1.0,0,0,1.0,1.0,387.7575307999505,387.7553459001938,378.27696570032276,9.478380199871026,0.999994365293816,0.9755557716996358,0.024444228300364197,0.1244453072000295,0.15448420155386205,2510,10,N/A,N/A,N/A,N/A,N/A,N/A,N/A,N/A,10,N/A,N/A,qaoa_warmstart,True,0.25
5,3,5,6,22,22,5,True,True,1.0,0,0,0.9,0.9818181818181818,939.7716926999856,939.7693915000418,929.5018762984546,10.26751520158723,0.9999975513202178,0.9890744311376236,0.010925568862376354,0.3006739282399882,0.3744101161354748,2510,10,N/A,N/A,N/A,N/A,N/A,N/A,N/A,N/A,10,N/A,N/A,qaoa_warmstart,True,0.25
6,3,5,6,13,13,5,True,True,1.0,0,0,0.8,0.9307692307692308,956.9116881999653,956.9093429996865,946.585973500507,10.323369499179535,0.9999975491988365,0.9892117580680964,0.010788241931903591,0.3040685766399838,0.38123878207158823,2510,10,N/A,N/A,N/A,N/A,N/A,N/A,N/A,N/A,10,N/A,N/A,qaoa_warmstart,True,0.25
7,3,4,6,8,8,3,True,True,1.0,0,0,0.8,0.975,896.2988300999859,896.2965260999044,885.9047562999185,10.391769799985923,0.9999974294286637,0.9884058796420822,0.01159412035791782,0.2854375181199983,0.35709024944219303,2510,10,N/A,N/A,N/A,N/A,N/A,N/A,N/A,N/A,10,N/A,N/A,qaoa_warmstart,True,0.25
10,3,5,6,9,9,5,True,True,1.0,0,0,0.9,0.9666666666666666,916.6610770999687,916.6586377999047,906.2878168990137,10.370820900890976,0.9999973389291583,0.9886862781048109,0.011313721895189078,0.2912153223201167,0.3652026445417947,2510,10,N/A,N/A,N/A,N/A,N/A,N/A,N/A,N/A,10,N/A,N/A,qaoa_warmstart,True,0.25
11,4,4,7,6,6,4,True,True,1.0,0,0,1.0,1.0,1667.3626692999387,1667.3601419997867,1654.9042270999635,12.455914899823256,0.9999984842528872,0.9925295593998763,0.007470440600123719,0.5308282056401018,0.6642869091632616,2510,10,N/A,N/A,N/A,N/A,N/A,N/A,N/A,N/A,10,N/A,N/A,qaoa_warmstart,True,0.25
12,3,7,6,12,12,7,True,True,1.0,0,0,0.8,0.9666666666666668,978.4642877000151,978.4618596000364,968.1515238995198,10.310335700516589,0.9999975184582521,0.9894627106827331,0.010537289317266921,0.31113927836003713,0.38982544207172765,2510,10,N/A,N/A,N/A,N/A,N/A,N/A,N/A,N/A,10,N/A,N/A,qaoa_warmstart,True,0.25
13,4,5,7,7,7,5,True,True,1.0,0,0,0.9,0.9857142857142858,1910.1750930000562,1910.17267180013,1898.0505051994696,12.122166600660421,0.999998732472256,0.9936538896301785,0.006346110369821487,0.6134555724799633,0.7610249688446733,2510,10,N/A,N/A,N/A,N/A,N/A,N/A,N/A,N/A,10,N/A,N/A,qaoa_warmstart,True,0.25
14,2,3,4,6,6,3,True,True,1.0,0,0,1.0,1.0,223.8358525999356,223.8337316000834,212.83486519986764,10.998866400215775,0.9999905243068634,0.950861443797635,0.04913855620236497,0.07156144712013192,0.0891767854980412,2510,10,N/A,N/A,N/A,N/A,N/A,N/A,N/A,N/A,10,N/A,N/A,qaoa_warmstart,True,0.25
15,3,5,6,10,10,5,True,True,1.0,0,0,1.0,1.0,936.9841639000224,936.9818763001822,926.7640675007133,10.217808799468912,0.9999975585501566,0.9890949771197117,0.010905022880288261,0.2969906725599896,0.37329955231082956,2510,10,N/A,N/A,N/A,N/A,N/A,N/A,N/A,N/A,10,N/A,N/A,qaoa_warmstart,True,0.25
17,3,3,5,6,6,3,True,True,1.0,0,0,1.0,1.0,402.14912269997876,402.1468079001643,392.4852908999892,9.661517000175081,0.9999942439267331,0.9759751493475148,0.02402485065248515,0.12937434596000238,0.1602178517530535,2510,10,N/A,N/A,N/A,N/A,N/A,N/A,N/A,N/A,10,N/A,N/A,qaoa_warmstart,True,0.25
19,3,5,6,8,8,5,True,True,1.0,0,0,0.9,0.9375,947.431259999983,947.4288930002367,937.2273457983974,10.201547201839276,0.9999975016659823,0.989232387488697,0.010767612511302975,0.30155461684004403,0.37746171035866005,2510,10,N/A,N/A,N/A,N/A,N/A,N/A,N/A,N/A,10,N/A,N/A,qaoa_warmstart,True,0.25
20,4,6,7,11,11,6,True,True,1.0,0,0,0.9,0.9727272727272727,1914.1666338000214,1914.1641391001176,1901.8059317002771,12.358207399840467,0.9999986967174854,0.9935438099860913,0.006456190013908775,0.6130238499999978,0.7626151948606046,2510,10,N/A,N/A,N/A,N/A,N/A,N/A,N/A,N/A,10,N/A,N/A,qaoa_warmstart,True,0.25
1,2,3,4,5,5,3,True,True,1.0,0,0,0.8,0.9199999999999999,222.51311790000182,222.51112040004227,212.2565506969113,10.254569703130983,0.9999910230013476,0.9539143496078094,0.04608565039219062,0.07104173423997126,0.08864984876495709,2510,10,N/A,N/A,N/A,N/A,N/A,N/A,N/A,N/A,10,N/A,N/A,qaoa,N/A,N/A
2,2,4,5,7,7,4,True,True,1.0,0,0,0.9,0.9571428571428571,521.9699063999578,521.9676931998692,512.4770262014354,9.49066699843388,0.9999957599086433,0.9818175202755322,0.018182479724467855,0.16802967707994393,0.20795525625492797,2510,10,N/A,N/A,N/A,N/A,N/A,N/A,N/A,N/A,10,N/A,N/A,qaoa,N/A,N/A
3,3,4,6,10,10,4,True,True,1.0,0,0,0.9,0.9800000000000001,1009.4968162999721,1009.4944691997953,999.0883939994965,10.406075200298801,0.9999976749801099,0.9896917957276701,0.010308204272329966,0.32302635103990324,0.4021890315537033,2510,10,N/A,N/A,N/A,N/A,N/A,N/A,N/A,N/A,10,N/A,N/A,qaoa,N/A,N/A
4,3,3,5,5,5,3,True,True,1.0,0,0,1.0,1.0,452.0064373000059,452.00413570029195,442.58116610033903,9.422969599952921,0.9999949080377534,0.9791529128702465,0.020847087129753524,0.14533618599986659,0.18008132896425974,2510,10,N/A,N/A,N/A,N/A,N/A,N/A,N/A,N/A,10,N/A,N/A,qaoa,N/A,N/A
5,3,5,6,22,22,5,True,True,1.0,0,0,1.0,1.0,1034.5701665999368,1034.567826999817,1024.270329699153,10.297497300663963,0.9999977385776284,0.9900465711073521,0.009953428892647928,0.3295286675999872,0.4121784171314012,2510,10,N/A,N/A,N/A,N/A,N/A,N/A,N/A,N/A,10,N/A,N/A,qaoa,N/A,N/A
6,3,5,6,13,13,5,True,True,1.0,0,0,0.8,0.9384615384615385,1112.3733600999694,1112.3709880998358,1102.1026065998012,10.268381500034593,0.9999978676223121,0.9907689236685548,0.0092310763314451,0.3571478221600875,0.4431756924700541,2510,10,N/A,N/A,N/A,N/A,N/A,N/A,N/A,N/A,10,N/A,N/A,qaoa,N/A,N/A
7,3,4,6,8,8,3,True,True,1.0,0,0,0.9,0.9875,1007.5995317000197,1007.5971720998641,997.4440495009767,10.153122598887421,0.9999976581964547,0.9899234308312637,0.010076569168736347,0.3213460387200583,0.40143313629476657,2510,10,N/A,N/A,N/A,N/A,N/A,N/A,N/A,N/A,10,N/A,N/A,qaoa,N/A,N/A
10,3,5,6,9,9,5,True,True,1.0,0,0,0.7,0.8999999999999998,1064.5163370999508,1064.5140064001316,1054.3801838981453,10.133822501986288,0.9999978105551433,0.9904803295766339,0.009519670423366104,0.34104799103997646,0.4241091658964668,2510,10,N/A,N/A,N/A,N/A,N/A,N/A,N/A,N/A,10,N/A,N/A,qaoa,N/A,N/A
11,4,4,7,6,6,4,True,True,1.0,0,0,0.8,0.9666666666666666,1956.898014000035,1956.895514500211,1945.1276606965112,11.767853803699836,0.9999987227235114,0.9939864679966292,0.006013532003370826,0.6213928175199311,0.7796396472112395,2510,10,N/A,N/A,N/A,N/A,N/A,N/A,N/A,N/A,10,N/A,N/A,qaoa,N/A,N/A
12,3,7,6,12,12,7,True,True,1.0,0,0,0.8,0.9666666666666666,1116.6635435998905,1116.661191299907,1106.4366556984605,10.224535601446405,0.9999978934568097,0.9908436545649589,0.009156345435041052,0.35781612903992643,0.4448849367728713,2510,10,N/A,N/A,N/A,N/A,N/A,N/A,N/A,N/A,10,N/A,N/A,qaoa,N/A,N/A
13,4,5,7,7,7,5,True,True,1.0,0,0,0.8,0.9714285714285715,2218.950496000005,2218.947968399967,2207.1420929000014,11.805875499965623,0.9999988609029168,0.9946795167493366,0.005320483250663408,0.7118711355200503,0.8840430152987917,2510,10,N/A,N/A,N/A,N/A,N/A,N/A,N/A,N/A,10,N/A,N/A,qaoa,N/A,N/A
14,2,3,4,6,6,3,True,True,1.0,0,0,0.9,0.9,263.4678182998905,263.46557909983676,253.45665809873026,10.0089210011065,0.9999915010490914,0.9620105175207204,0.03798948247927959,0.08449837748012505,0.10496636617523376,2510,10,N/A,N/A,N/A,N/A,N/A,N/A,N/A,N/A,10,N/A,N/A,qaoa,N/A,N/A
15,3,5,6,10,10,5,True,True,1.0,0,0,0.9,0.99,1075.712472999934,1075.7101103997556,1065.4140044982778,10.296105901477858,0.9999978036880321,0.9904285496604177,0.009571450339582304,0.3430898486400023,0.42856976509950423,2510,10,N/A,N/A,N/A,N/A,N/A,N/A,N/A,N/A,10,N/A,N/A,qaoa,N/A,N/A
17,3,3,5,6,6,3,True,True,1.0,0,0,1.0,1.0,454.126517699915,454.1241110000992,444.7223457018845,9.401765298214741,0.9999947003759482,0.9792969255089548,0.020703074491045217,0.14547962976000273,0.18092594063748973,2510,10,N/A,N/A,N/A,N/A,N/A,N/A,N/A,N/A,10,N/A,N/A,qaoa,N/A,N/A
19,3,5,6,8,8,5,True,True,1.0,0,0,1.0,1.0,1074.4763928999892,1074.473975500092,1064.2002011013683,10.273774398723617,0.9999977501600656,0.9904383217900258,0.009561678209974233,0.3431488923199475,0.42807728107573384,2510,10,N/A,N/A,N/A,N/A,N/A,N/A,N/A,N/A,10,N/A,N/A,qaoa,N/A,N/A
20,4,6,7,11,11,6,True,True,1.0,0,0,0.8,0.9636363636363636,2226.7419941000408,2226.739524400211,2215.0091597989667,11.730364601244219,0.9999988908908907,0.9947320445554116,0.005267955444588374,0.7134607237999793,0.887147220876578,2510,10,N/A,N/A,N/A,N/A,N/A,N/A,N/A,N/A,10,N/A,N/A,qaoa,N/A,N/A
1,2,3,4,5,5,3,True,True,1.0,0,0,N/A,N/A,0.007891167000707355,N/A,N/A,N/A,N/A,N/A,N/A,N/A,N/A,N/A,N/A,0.44,1.0,1.0,0.71,5,0.0,0.0006938456997886532,100,10,10,100,sa,N/A,N/A
2,2,4,5,7,7,4,True,True,1.0,0,0,N/A,N/A,0.007672249999814085,N/A,N/A,N/A,N/A,N/A,N/A,N/A,N/A,N/A,N/A,0.38,1.0,1.0,0.5857142857142857,7,0.0,0.0006807793000916717,100,10,10,100,sa,N/A,N/A
3,3,4,6,10,10,4,True,True,1.0,0,0,N/A,N/A,0.009934458999850904,N/A,N/A,N/A,N/A,N/A,N/A,N/A,N/A,N/A,N/A,0.21,1.0,1.0,0.65,10,0.0,0.0008940750996771385,100,10,10,100,sa,N/A,N/A
4,3,3,5,5,5,3,True,True,1.0,0,0,N/A,N/A,0.008846875000017462,N/A,N/A,N/A,N/A,N/A,N/A,N/A,N/A,N/A,N/A,0.72,1.0,0.99,0.8808080808080808,5,0.0,0.000789233299656189,100,10,10,100,sa,N/A,N/A
5,3,5,6,22,22,5,True,True,1.0,0,0,N/A,N/A,0.009343875000922708,N/A,N/A,N/A,N/A,N/A,N/A,N/A,N/A,N/A,N/A,0.36,1.0,1.0,0.7190909090909091,22,0.0,0.000823541800127714,100,10,10,100,sa,N/A,N/A
6,3,5,6,13,13,5,True,True,1.0,0,0,N/A,N/A,0.010938416999124456,N/A,N/A,N/A,N/A,N/A,N/A,N/A,N/A,N/A,N/A,0.24,1.0,0.99,0.5672105672105672,13,0.0,0.0009800332998565863,100,10,10,100,sa,N/A,N/A
7,3,4,6,8,8,3,True,True,1.0,0,0,N/A,N/A,0.011403708000216284,N/A,N/A,N/A,N/A,N/A,N/A,N/A,N/A,N/A,N/A,0.33,1.0,0.94,0.7087765957446809,8,0.0,0.0010339999002098922,100,10,10,100,sa,N/A,N/A
8,4,5,7,9,9,5,True,True,1.0,0,0,N/A,N/A,0.011887833999935538,N/A,N/A,N/A,N/A,N/A,N/A,N/A,N/A,N/A,N/A,0.18,0.9,1.0,0.6844444444444444,8.9,0.3,0.0010624375003317255,100,10,10,100,sa,N/A,N/A
9,4,6,7,18,18,6,True,True,1.0,0,0,N/A,N/A,0.012154375001045992,N/A,N/A,N/A,N/A,N/A,N/A,N/A,N/A,N/A,N/A,0.32,1.0,0.97,0.7130584192439863,18,0.0,0.0010747541999080567,100,10,10,100,sa,N/A,N/A
10,3,5,6,9,9,5,True,True,1.0,0,0,N/A,N/A,0.011942334000195842,N/A,N/A,N/A,N/A,N/A,N/A,N/A,N/A,N/A,N/A,0.26,1.0,0.97,0.6048109965635738,9,0.0,0.0010908539998126798,100,10,10,100,sa,N/A,N/A
11,4,4,7,6,6,4,True,True,1.0,0,0,N/A,N/A,0.011310750000120606,N/A,N/A,N/A,N/A,N/A,N/A,N/A,N/A,N/A,N/A,0.36,1.0,1.0,0.7366666666666667,6,0.0,0.0010115500001120381,100,10,10,100,sa,N/A,N/A
12,3,7,6,12,12,7,True,True,1.0,0,0,N/A,N/A,0.010092874999827472,N/A,N/A,N/A,N/A,N/A,N/A,N/A,N/A,N/A,N/A,0.24,1.0,0.94,0.6870567375886525,12,0.0,0.00088919999961945,100,10,10,100,sa,N/A,N/A
13,4,5,7,7,7,5,True,True,1.0,0,0,N/A,N/A,0.01175195799987705,N/A,N/A,N/A,N/A,N/A,N/A,N/A,N/A,N/A,N/A,0.41,1.0,1.0,0.7228571428571429,7,0.0,0.0010645001000739284,100,10,10,100,sa,N/A,N/A
14,2,3,4,6,6,3,True,True,1.0,0,0,N/A,N/A,0.007104958000127226,N/A,N/A,N/A,N/A,N/A,N/A,N/A,N/A,N/A,N/A,0.62,1.0,0.8,0.775,6,0.0,0.00060615400034294,100,10,10,100,sa,N/A,N/A
15,3,5,6,10,10,5,True,True,1.0,0,0,N/A,N/A,0.010177000000112457,N/A,N/A,N/A,N/A,N/A,N/A,N/A,N/A,N/A,N/A,0.27,0.9,0.98,0.6153061224489795,9.9,0.3,0.0009048375995917013,100,10,10,100,sa,N/A,N/A
16,4,5,7,14,14,5,True,True,1.0,0,0,N/A,N/A,0.012214333000883926,N/A,N/A,N/A,N/A,N/A,N/A,N/A,N/A,N/A,N/A,0.29,1.0,0.99,0.6435786435786436,14,0.0,0.0011044832001061878,100,10,10,100,sa,N/A,N/A
17,3,3,5,6,6,3,True,True,1.0,0,0,N/A,N/A,0.008862915999998222,N/A,N/A,N/A,N/A,N/A,N/A,N/A,N/A,N/A,N/A,0.62,1.0,1.0,0.78,6,0.0,0.0007981833001394989,100,10,10,100,sa,N/A,N/A
18,4,6,7,15,15,6,True,True,1.0,0,0,N/A,N/A,0.011137832998429076,N/A,N/A,N/A,N/A,N/A,N/A,N/A,N/A,N/A,N/A,0.11,0.8,0.95,0.6091228070175438,14.8,0.4,0.0010011167998527526,100,10,10,100,sa,N/A,N/A
19,3,5,6,8,8,5,True,True,1.0,0,0,N/A,N/A,0.010207375000391039,N/A,N/A,N/A,N/A,N/A,N/A,N/A,N/A,N/A,N/A,0.47,1.0,1.0,0.6225,8,0.0,0.000914666900280281,100,10,10,100,sa,N/A,N/A
20,4,6,7,11,11,6,True,True,1.0,0,0,N/A,N/A,0.01065970799936622,N/A,N/A,N/A,N/A,N/A,N/A,N/A,N/A,N/A,N/A,0.32,1.0,0.97,0.6776007497656982,11,0.0,0.0009557956998833105,100,10,10,100,sa,N/A,N/A
8,4,5,7,9,9,5,True,True,1.0,0,0,N/A,N/A,0.02094700001180172,N/A,N/A,N/A,N/A,N/A,N/A,N/A,N/A,N/A,N/A,0.17,0.8,1.0,0.6466666666666666,8.7,0.6403124237432849,0.0018124300288036466,100,10,10,100,sa,N/A,N/A
9,4,6,7,18,18,6,True,True,1.0,0,0,N/A,N/A,0.02001909993123263,N/A,N/A,N/A,N/A,N/A,N/A,N/A,N/A,N/A,N/A,0.31,1.0,0.99,0.6986531986531986,18,0.0,0.0017426999751478434,100,10,10,100,sa,N/A,N/A
16,4,5,7,14,14,5,True,True,1.0,0,0,N/A,N/A,0.02034090005327016,N/A,N/A,N/A,N/A,N/A,N/A,N/A,N/A,N/A,N/A,0.32,1.0,0.99,0.6998556998556998,14,0.0,0.001736310007981956,100,10,10,100,sa,N/A,N/A
18,4,6,7,15,15,6,True,True,1.0,0,0,N/A,N/A,0.0206387999933213,N/A,N/A,N/A,N/A,N/A,N/A,N/A,N/A,N/A,N/A,0.16,0.8,0.96,0.6513888888888889,14.8,0.4,0.0018157200189307331,100,10,10,100,sa,N/A,N/A
8,4,5,7,9,9,5,True,True,1.0,0,0,0.6,0.9333333333333333,2005.182199700037,2005.179731600103,1993.0855842016172,12.094147398485802,0.999998769139316,0.9939685469547237,0.0060314530452763235,0.6406214107600041,0.7988763870916745,2510,10,N/A,N/A,N/A,N/A,N/A,N/A,N/A,N/A,10,N/A,N/A,qaoa_warmstart,True,0.25
9,4,6,7,18,18,6,True,True,1.0,0,0,0.8,0.9666666666666666,1954.8165164999664,1954.813654699945,1942.801138303359,12.012516396585852,0.9999985360262729,0.9938549046003928,0.0061450953996071405,0.6252737830000464,0.778810220995994,2510,10,N/A,N/A,N/A,N/A,N/A,N/A,N/A,N/A,10,N/A,N/A,qaoa_warmstart,True,0.25
16,4,5,7,14,14,5,True,True,1.0,0,0,1.0,1.0,1955.718072900083,1955.715513800038,1943.7687594988383,11.94675430119969,0.9999986914780405,0.9938913639448579,0.00610863605514211,0.6240290063199587,0.7791695274103737,2510,10,N/A,N/A,N/A,N/A,N/A,N/A,N/A,N/A,10,N/A,N/A,qaoa_warmstart,True,0.25
18,4,6,7,15,15,6,True,True,1.0,0,0,0.8,0.9866666666666667,2088.6266399000306,2088.6240321000805,2076.502396300086,12.121635799994692,0.9999987514283787,0.9941963533820845,0.005803646617915512,0.6646817044000142,0.8321211283267254,2510,10,N/A,N/A,N/A,N/A,N/A,N/A,N/A,N/A,10,N/A,N/A,qaoa_warmstart,True,0.25
8,4,5,7,9,9,5,True,True,1.0,0,0,0.6,0.9444444444444444,2374.8219640000025,2374.819423100096,2362.9173510990804,11.902072001015767,0.999998930067203,0.9949882202051898,0.0050117797948101535,0.7607883976800833,0.9461431964542216,2510,10,N/A,N/A,N/A,N/A,N/A,N/A,N/A,N/A,10,N/A,N/A,qaoa,N/A,N/A
9,4,6,7,18,18,6,True,True,1.0,0,0,0.8,0.95,2294.813736799988,2294.811082200031,2283.2089985025814,11.602083697449416,0.9999988432176805,0.9949442096617703,0.005055790338229726,0.7337141270800493,0.9142673634263071,2510,10,N/A,N/A,N/A,N/A,N/A,N/A,N/A,N/A,10,N/A,N/A,qaoa,N/A,N/A
16,4,5,7,14,14,5,True,True,1.0,0,0,1.0,1.0,2268.779226300074,2268.776589300134,2257.2031360002,11.573453299934044,0.9999988377009499,0.9948988131513187,0.005101186848681382,0.7212147179199383,0.9038950554980615,2510,10,N/A,N/A,N/A,N/A,N/A,N/A,N/A,N/A,10,N/A,N/A,qaoa,N/A,N/A
18,4,6,7,15,15,6,True,True,1.0,0,0,0.9,0.9933333333333334,2482.6650987999747,2482.6625424000667,2471.049783600727,11.612758799339645,0.9999989703001387,0.9953224578044694,0.004677542195530622,0.7951680594000035,0.9891085826295086,2510,10,N/A,N/A,N/A,N/A,N/A,N/A,N/A,N/A,10,N/A,N/A,qaoa,N/A,N/A
8,4,5,7,9,9,5,True,True,1.0,0,0,N/A,N/A,0.021672199945896864,N/A,N/A,N/A,N/A,N/A,N/A,N/A,N/A,N/A,N/A,0.18,1.0,0.99,0.6520763187429854,9,0.0,0.0018687899806536733,100,10,10,100,sa,N/A,N/A
9,4,6,7,18,18,6,True,True,1.0,0,0,N/A,N/A,0.02090110001154244,N/A,N/A,N/A,N/A,N/A,N/A,N/A,N/A,N/A,N/A,0.33,0.8,1.0,0.6583333333333333,17.4,1.2,0.0018091900041326881,100,10,10,100,sa,N/A,N/A
16,4,5,7,14,14,5,True,True,1.0,0,0,N/A,N/A,0.020845399936661124,N/A,N/A,N/A,N/A,N/A,N/A,N/A,N/A,N/A,N/A,0.32,1.0,1.0,0.7085714285714285,14,0.0,0.0018192199990153314,100,10,10,100,sa,N/A,N/A
18,4,6,7,15,15,6,True,True,1.0,0,0,N/A,N/A,0.020200399914756417,N/A,N/A,N/A,N/A,N/A,N/A,N/A,N/A,N/A,N/A,0.14,0.9,0.97,0.6570446735395189,14.9,0.3,0.0017649599933065474,100,10,10,100,sa,N/A,N/A
8,4,5,7,9,9,5,True,True,1.0,0,0,0.9,0.9888888888888889,1978.1845352000091,1978.1821992999176,1966.7973536011996,11.384845698717982,0.9999988191697741,0.9942447941838992,0.005755205816100812,0.6269316943999845,0.7881203981274572,2510,10,N/A,N/A,N/A,N/A,N/A,N/A,N/A,N/A,10,N/A,N/A,qaoa_warmstart,True,0.25
9,4,6,7,18,18,6,True,True,1.0,0,0,0.7,0.95,1960.9928672999376,1960.9902530000545,1949.520204000757,11.470048999297433,0.9999986668488566,0.9941508893367778,0.0058491106632222074,0.6244476722000166,0.7812710171314958,2510,10,N/A,N/A,N/A,N/A,N/A,N/A,N/A,N/A,10,N/A,N/A,qaoa_warmstart,True,0.25
